cell,regime,series,family,transform,window,variant,sign,SR_IS,SR_OOS1,SR_OOS2,is_mirror,full_sign,n_bars,SR_gross,SR_net,SR_of_SR,positive_years,yr_sr_min,n_years,beta,mean_exec_w,abs_exec_w,max_dd_pct,max_dd_days,turnover_ann,held_pct,start_date,end_date,beta_per_w
night|short_fin|robustz|w120|c2c,night,short_fin,leverage,robustz,120,c2c,-1,0.7337260807692628,0.5314723305238934,,False,-1,2270,0.651702542239292,0.6389660612599353,1.0663226997314788,0.9,-0.512027116738047,10,0.05731468344413355,-0.03390155414797703,0.544184113828608,-22.962479096400674,406,12.427295670070913,99.2511013215859,2017-05-16,2026-09-02,0.10532222824531945
night|trust_gross|selfz|w120|o2o,night,trust_gross,flow,selfz,120,o2o,-1,0.524273812505263,0.3990045395203841,,False,-1,2270,0.589076878899921,0.4696748135115818,0.990314575657945,0.9,-0.08665408470371004,10,0.10287959960885996,0.06074478326616134,0.5077510788188012,-18.861602325048636,521,96.12084964821673,99.20704845814979,2017-05-16,2026-09-02,0.20261818024728243
night|trust_gross|signth|w120|o2o,night,trust_gross,flow,signth,120,o2o,-1,0.4072805319411318,0.11910563595840994,,False,-1,2270,0.39695137136574493,0.283637395396266,0.9664194628620972,0.7,-0.111605459349318,10,0.021917442539379568,-0.0029198455624974786,0.5571548398081867,-30.087531116043998,329,102.44840798374669,98.94273127753304,2017-05-16,2026-09-02,0.03933815337030035
night|trust_gross|bdtanh|w252|o2o,night,trust_gross,flow,bdtanh,252,o2o,-1,0.5636049197838685,0.4605950112516904,,False,-1,2270,0.6263768072294907,0.5150937470449758,0.9370927738227144,0.8,-0.1336897984559476,10,0.09035564910841579,0.03493120684865619,0.6257067340511542,-22.947193493202203,321,106.22706679323159,99.60352422907489,2017-05-16,2026-09-02,0.1444057482383254
night|trust_gross|selfz|w252|o2o,night,trust_gross,flow,selfz,252,o2o,-1,0.6061828485075974,0.5224537434788213,,False,-1,2270,0.6793029607529163,0.5693328404486605,0.9309231020347988,0.8,-0.22187899813008433,10,0.11508920047579502,0.05842320815735142,0.5240050938645706,-20.219016364577307,522,91.37298334807797,99.29515418502203,2017-05-16,2026-09-02,0.21963374368559074
night|short_fin|robustz|w120|o2o,night,short_fin,leverage,robustz,120,o2o,-1,0.718341704655179,0.5704401737785664,,False,-1,2270,0.6626845119176673,0.6493932716517952,0.9288304697967271,0.9,-0.7472199020095497,10,0.03916637200540383,-0.03390155414797703,0.544184113828608,-22.587056328138754,405,12.427295670070913,99.2511013215859,2017-05-16,2026-09-02,0.07197264861307466
night|trust_gross|bdtanh|w120|o2o,night,trust_gross,flow,bdtanh,120,o2o,-1,0.47652867686190953,0.3799594906550099,,False,-1,2270,0.5529181090636857,0.43236955527826615,0.9144439644270752,0.8,-0.27837070972410133,10,0.07239545374594113,0.03269441267008426,0.6195419753563505,-22.751544261182183,329,113.45115231881307,99.77973568281938,2017-05-16,2026-09-02,0.1168531861046226
night|sbl_sell|bdtanh|w252|o2o,night,sbl_sell,leverage,bdtanh,252,o2o,-1,0.5824367413632456,1.2852289406577084,,False,-1,2270,0.9686425373607201,0.8910817814402765,0.909720017242123,0.7,-0.515423620933841,10,-0.005662226510676662,0.10916461387229523,0.6240468782524698,-20.32761625088017,456,79.99802642505492,98.98678414096916,2017-05-16,2026-09-02,-0.009073399303803426
night|trust_gross|robustz|w252|o2o,night,trust_gross,flow,robustz,252,o2o,-1,0.6054541583776862,0.42233072750102946,,False,-1,2270,0.641202316593358,0.5297205973920933,0.8951597368356881,0.7,-0.17892458683140047,10,0.1014713605175002,0.026699472072815606,0.5146372910678836,-20.38426344189424,531,89.45293180144606,99.03083700440529,2017-05-16,2026-09-02,0.1971706331403714
night|trust_gross|dev|w252|o2o,night,trust_gross,flow,dev,252,o2o,-1,0.6017491380016795,0.3768008788859041,,False,-1,2270,0.6151612304964238,0.5044063711515894,0.8903765425298886,0.7,-0.24605614887219407,10,0.10461393270893028,0.041824405293763765,0.5286045869434459,-20.240505381533115,523,92.28561880888789,99.47136563876651,2017-05-16,2026-09-02,0.19790583603112522
night|trust_gross|selfz|w252|day,night,trust_gross,flow,selfz,252,day,-1,0.7862761920801125,0.46139604564084874,,False,-1,2270,0.8265689118559582,0.6582270400459846,0.8803526171904312,0.8,-0.48102975230356065,10,0.10081370501181328,0.05776002794910279,0.5241151358638394,-8.906242919541906,291,91.45790613499976,99.29515418502203,2017-05-16,2026-09-02,0.19235030265945957
night|trust_gross|robustz|w252|day,night,trust_gross,flow,robustz,252,day,-1,0.8560199919541548,0.360084462700573,,False,-1,2270,0.8374122082754685,0.6667201196365266,0.8715349259793214,0.8,-0.4286020506650079,10,0.08075823155565721,0.02614400484468762,0.5147329769930815,-9.176788577866457,505,89.53376360188292,99.03083700440529,2017-05-16,2026-09-02,0.1568934479920502
night|trust_gross|dev|w252|day,night,trust_gross,flow,dev,252,day,-1,0.803914796948444,0.3707319428028603,,False,-1,2270,0.8022386001956177,0.6316523001497144,0.8582566659547552,0.8,-0.47605248898921393,10,0.08924232509139653,0.04125682343301561,0.52872748557848,-9.000070618815526,291,92.34509015168783,99.47136563876651,2017-05-16,2026-09-02,0.1687869980766304
night|short_fin|robustz|w120|day,night,short_fin,leverage,robustz,120,day,-1,0.44060542103981065,0.4406260654440659,,False,-1,2270,0.4607510224817744,0.4407095299954872,0.853399768847322,0.8,-0.5498417451182118,10,0.03564205617321332,-0.03446479394583041,0.544157414600565,-18.683439930670527,755,12.427027783556124,99.2511013215859,2017-05-16,2026-09-02,0.06549953233546606
night|sbl_sell|selfz|w252|o2o,night,sbl_sell,leverage,selfz,252,o2o,-1,0.42923027487525944,1.2607567730604905,,False,-1,2270,0.8777036445039086,0.7969475392539181,0.8492067405298835,0.7,-0.6219179149712261,10,-0.03397106010842869,0.08220841717258166,0.579824373116443,-19.24950243030153,533,81.25434052861235,99.33920704845815,2017-05-16,2026-09-02,-0.05858853418982866
night|sbl_sell|rankc|w252|o2o,night,sbl_sell,leverage,rankc,252,o2o,-1,0.466927279353195,1.2835511455344049,,False,-1,2270,0.9151272438801461,0.8312201024923807,0.8448089949356564,0.7,-0.5946700366826091,10,-0.04202876754689875,0.07609894561836598,0.6358225243091645,-19.639003237993645,477,88.10634009180681,99.33920704845815,2017-05-16,2026-09-02,-0.06610141342910736
night|trust_gross|robustz|w120|o2o,night,trust_gross,flow,robustz,120,o2o,-1,0.47539452848338865,0.30870206009557133,,False,-1,2270,0.5246633323435861,0.4039523303840929,0.8405745948080539,0.8,-0.16481217562780404,10,0.0974041131256485,0.04989044303799693,0.4938960852976351,-19.113327497017423,531,96.22543065996209,99.33920704845815,2017-05-16,2026-09-02,0.19721580313184736
night|sbl_vs_fin|bdtanh|w252|ongap,night,sbl_vs_fin,leverage,bdtanh,252,ongap,-1,0.8664159634377739,0.3868716145226273,,False,-1,2265,0.6522528109757796,0.6263392314667853,0.8349965486056163,0.8,-0.5159338940336993,10,0.10383655965681812,0.041474398647829466,0.689039175533708,-11.328052688374912,298,10.420618272182494,99.6467991169978,2017-05-16,2026-09-02,0.1506976139294106
night|sbl_sell|robustz|w252|o2o,night,sbl_sell,leverage,robustz,252,o2o,-1,0.5017154467452961,1.0708342239825384,,False,-1,2270,0.8301822804688522,0.7521169802458783,0.8299411560878707,0.7,-0.5758737935099771,10,-0.07055983860783813,0.043943343412402594,0.5751105666401115,-20.514081216195308,474,77.54951066771585,98.72246696035242,2017-05-16,2026-09-02,-0.12268917091901138
night|trust_gross|dev|w120|o2o,night,trust_gross,flow,dev,120,o2o,-1,0.4733045866563425,0.275808440491252,,False,-1,2270,0.510835062116529,0.3901989459261118,0.8149930431866532,0.9,-0.09871219617813527,10,0.09118056945709659,0.05132041886559571,0.5117560186839613,-19.583339949919566,329,97.355447288698,98.98678414096916,2017-05-16,2026-09-02,0.17817195329051094
night|short_fin|rankc|w120|o2o,night,short_fin,leverage,rankc,120,o2o,-1,0.5120233433739753,0.5203993771684087,,False,-1,2270,0.5287787120086797,0.5118524825790667,0.8071017757925861,0.8,-0.6937443859464859,10,0.12943694485813248,0.01622039656640343,0.6481796705517266,-28.34810974068887,508,17.587665142016522,99.4273127753304,2017-05-16,2026-09-02,0.19969300294154016
night|trust_gross|rankc|w252|o2o,night,trust_gross,flow,rankc,252,o2o,-1,0.46985457726218866,0.18110998577255383,,False,-1,2270,0.45983251486055815,0.34339229307197916,0.8052792829992874,0.7,-0.29051825088381,10,0.026276129347145405,-0.023287004221861154,0.6258081449801872,-23.71361243614901,329,110.44485548103661,99.55947136563876,2017-05-16,2026-09-02,0.041987515755291575
night|sbl_vs_fin|selfz|w252|ongap,night,sbl_vs_fin,leverage,selfz,252,ongap,-1,0.8543606233281127,0.27296493070951017,,False,-1,2265,0.5900025314832261,0.5618131739985565,0.8020699498080903,0.7,-0.6261516638350065,10,0.08392768472526338,0.012448442842471678,0.6276167580020567,-11.620339005765215,335,10.791037832023653,98.94039735099338,2017-05-16,2026-09-02,0.13372441646146793
night|trust_gross|selfz|w120|day,night,trust_gross,flow,selfz,120,day,-1,0.7603087372378495,0.4624886817774453,,False,-1,2270,0.8249581754389327,0.6425135724083227,0.7979480804714584,0.8,-0.2563956674386455,10,0.0922346535046693,0.06024822202803385,0.5078484869773621,-9.910123475016697,460,96.23198427181897,99.20704845814979,2017-05-16,2026-09-02,0.18161844697743634
night|trust_gross|dev|w120|day,night,trust_gross,flow,dev,120,day,-1,0.7128813597836352,0.41604794937219025,,False,-1,2270,0.7812973869046311,0.5970386709621703,0.7883367745239152,0.8,-0.21661563514318058,10,0.08532820528090597,0.050946081129856824,0.5118761419465728,-9.728572953715526,279,97.42208887891572,98.98678414096916,2017-05-16,2026-09-02,0.1666969766483317
night|log_amount|bdtanh|w252|ongap,night,log_amount,liquidity,bdtanh,252,ongap,1,0.18976435138265205,0.9889224771355747,,False,1,2265,0.7327650919820067,0.5616705851015134,0.7860104757221577,0.9,-0.5669332258877667,10,-0.11401823158944928,0.07770879024861303,0.6545112821505589,-9.990418978475383,1075,66.06473398557864,99.77924944812362,2017-05-16,2026-09-02,-0.17420361527583475
night|sbl_vs_fin|robustz|w120|c2c,night,sbl_vs_fin,leverage,robustz,120,c2c,-1,0.28544133077368,0.38523776172504526,,False,-1,2270,0.33969952901465233,0.32798082788090505,0.7793850996543193,0.8,-0.7165329128386304,10,0.03367942738410191,-0.03266801819562189,0.5499781993525014,-28.05410687287686,512,11.265851227139885,99.11894273127754,2017-05-16,2026-09-02,0.061237749830362856
night|trust_gross|robustz|w120|day,night,trust_gross,flow,robustz,120,day,-1,0.7314653068869782,0.434137515298456,,False,-1,2270,0.8005429781346617,0.6153753575440715,0.77645760608835,0.8,-0.19125828387580346,10,0.08684319440825784,0.04956538614439553,0.4938881901449894,-8.546271077695566,430,96.31716240639149,99.33920704845815,2017-05-16,2026-09-02,0.1758357380093732
night|short_fin|selfz|w120|c2c,night,short_fin,leverage,selfz,120,c2c,-1,0.53272671834603,0.36293011668226083,,False,-1,2270,0.4633803113845162,0.4499536271596379,0.7591905779249993,0.8,-0.5362538346678861,10,0.12526533626910769,-0.015350763148319938,0.5673791854868233,-30.495802665871224,487,13.708395801745457,99.51541850220265,2017-05-16,2026-09-02,0.22077887147310027
night|trust_breadth|signth|w60|day,night,trust_breadth,flow,signth,60,day,-1,0.25012661124891483,0.5249494243374379,,False,-1,2270,0.5532886524767159,0.36464654309872113,0.7583448300340173,0.8,-0.25944045195656995,10,-0.12396161280872738,-0.007599404561992859,0.5777774417018665,-13.840760085095056,473,122.55806098213257,97.00440528634361,2017-05-16,2026-09-02,-0.21454907004259893
night|trust_gross|bdtanh|w120|day,night,trust_gross,flow,bdtanh,120,day,-1,0.690514317733905,0.5091045490680155,,False,-1,2270,0.7991371161480381,0.6162020780874434,0.7563468331287715,0.8,-0.28753335524744295,10,0.06513828205780892,0.032048128445457055,0.6196496440943181,-11.601455117131183,277,113.60097619787352,99.77973568281938,2017-05-16,2026-09-02,0.1051211481820751
night|trust_gross|rankc|w120|day,night,trust_gross,flow,rankc,120,day,-1,0.6999765388955229,0.4357966355911093,,False,-1,2270,0.7822795500455823,0.5926130448724893,0.7412233785376113,0.7,-0.26790957785270086,10,0.009659914482231887,-0.021712451623957626,0.6214402006943498,-14.307022113287783,613,118.39137666269446,99.60352422907489,2017-05-16,2026-09-02,0.015544399077238062
night|trust_gross|signth|w120|day,night,trust_gross,flow,signth,120,day,-1,0.4213149198358275,0.615212967316639,,False,-1,2270,0.6676947837572541,0.49787951032724725,0.7380744550812428,0.7,-0.5305676141823575,10,0.03155681430954747,-0.003661078562014566,0.5572216970071013,-16.47343286112739,886,102.63893789524687,98.94273127753304,2017-05-16,2026-09-02,0.05663242203066136
night|sbl_sell|bdtanh|w120|o2o,night,sbl_sell,leverage,bdtanh,120,o2o,-1,0.4602599185262657,1.1478794607028031,,False,-1,2270,0.8540885443461965,0.7663756382345427,0.7328693014535596,0.7,-0.7341307216885299,10,-0.05032622803429978,0.07904201740945116,0.6268116074210792,-19.97263892903014,509,93.3057719258971,99.60352422907489,2017-05-16,2026-09-02,-0.08028924071996588
night|trust_gross|selfz|w60|o2o,night,trust_gross,flow,selfz,60,o2o,-1,0.4849911585636682,0.09633639113577397,,False,-1,2270,0.4355637923336385,0.31321168573378566,0.7327525574328461,0.8,-0.3854684067760182,10,0.13482045735284576,0.0664978227104926,0.514961782087877,-21.56463751670006,532,100.28562711750544,99.51541850220265,2017-05-16,2026-09-02,0.2618067243868574
night|trust_gross|bdtanh|w252|day,night,trust_gross,flow,bdtanh,252,day,-1,0.7189475605968579,0.45422085550905,,False,-1,2270,0.7803803689640975,0.6098974595127118,0.7244245965901395,0.8,-0.52975687098677,10,0.07909688841731766,0.03420689219866446,0.6257995922032101,-12.355636437440587,498,106.32749419442635,99.60352422907489,2017-05-16,2026-09-02,0.1263933204859508
night|trust_gross|rankc|w252|day,night,trust_gross,flow,rankc,252,day,-1,0.7081166398296059,0.37678340378801317,,False,-1,2270,0.7508272024875915,0.574335719497362,0.715137461652274,0.7,-0.5000474707034814,10,0.016211126735902852,-0.023946200918312534,0.6259023700419164,-13.212922938414984,448,110.50097643594297,99.55947136563876,2017-05-16,2026-09-02,0.0259004079738781
night|sbl_vs_fin|signth|w252|ongap,night,sbl_vs_fin,leverage,signth,252,ongap,-1,0.5072560274645097,0.4595151400005549,,False,-1,2265,0.5004668453152885,0.4771339246173785,0.7111797143015663,0.7,-0.5576134633769952,10,0.07752549887597837,0.024657292342489975,0.6613669623089845,-11.397979750063659,348,8.904934189176934,95.01103752759383,2017-05-16,2026-09-02,0.11722009609509218
night|short_fin|selfz|w120|o2o,night,short_fin,leverage,selfz,120,o2o,-1,0.5124462904565995,0.47153462310818317,,False,-1,2270,0.5035605185836831,0.4895500490568768,0.7108019296620929,0.9,-0.7107415649939484,10,0.0988890317794443,-0.015350763148319938,0.5673791854868233,-25.21586580932228,486,13.708395801745457,99.51541850220265,2017-05-16,2026-09-02,0.1742909051106544
night|trust_gross|signth|w252|day,night,trust_gross,flow,signth,252,day,-1,0.7174736760958125,0.32809928636992436,,False,-1,2270,0.7318717414955764,0.5679432734473839,0.7100142597739428,0.8,-0.8720353152597963,10,0.037018253504026905,0.01278543221212026,0.5910382730616821,-11.172334460317163,377,99.86986791477666,99.4273127753304,2017-05-16,2026-09-02,0.06263258267906383
night|sbl_sell|selfz|w60|o2o,night,sbl_sell,leverage,selfz,60,o2o,-1,0.6029725199594739,0.7026565060007325,,False,-1,2270,0.7408597122723537,0.6422566571100703,0.7041483056796888,0.7,-0.7448179602502187,10,-0.07256198379179356,0.06433425715770247,0.5608293132048332,-19.42920577082141,460,98.47950253448296,99.47136563876651,2017-05-16,2026-09-02,-0.12938336510469015
night|sbl_sell|signth|w252|c2c,night,sbl_sell,leverage,signth,252,c2c,-1,0.2673131653082188,0.953067619353512,,False,-1,2270,0.6499273931451053,0.580050244318666,0.7040590117432408,0.8,-1.1293439341743108,10,-0.04705872741126096,0.10083041985301,0.6546898641736739,-29.150579143187628,705,74.90458571609491,99.69162995594714,2017-05-16,2026-09-02,-0.07187941953348674
night|sbl_sell|selfz|w120|o2o,night,sbl_sell,leverage,selfz,120,o2o,-1,0.3901254517358386,1.021827716744621,,False,-1,2270,0.759070490326957,0.6712781877368148,0.7004965187455989,0.7,-0.7767665278428576,10,-0.06373976016823618,0.07251743115157408,0.5557107662004096,-19.953311725861806,509,88.78150403472611,98.89867841409692,2017-05-16,2026-09-02,-0.11469952364617189
night|log_amount|signth|w252|ongap,night,log_amount,liquidity,signth,252,ongap,1,0.1895627300246627,1.1415665232472896,,False,1,2265,0.8022671625278919,0.6558312559393651,0.6983513342951194,0.7,-0.5492449372818303,10,-0.08094103490417215,0.0870986404833035,0.6465658323923066,-9.728069825776378,617,54.02943121482781,99.42604856512142,2017-05-16,2026-09-02,-0.12518606899577217
night|short_fin|bdtanh|w120|o2o,night,short_fin,leverage,bdtanh,120,o2o,-1,0.4283956455965806,0.6381897598242396,,False,-1,2270,0.5317226544685434,0.5193226517362095,0.6905850915830142,0.8,-0.7025057468836168,10,0.14914497074140168,0.013166813737328689,0.665167831929817,-30.42240477354379,767,13.136524247665346,99.55947136563876,2017-05-16,2026-09-02,0.2242215627125189
night|sbl_vs_fin|dev|w252|ongap,night,sbl_vs_fin,leverage,dev,252,ongap,-1,0.7513366000766644,0.4327028481559865,,False,-1,2265,0.6212385284631092,0.5966667172937418,0.6867776554878484,0.7,-0.48818306391393945,10,-0.042516960300806504,-0.06127141533007372,0.6587333651995183,-8.685492923310568,321,9.219132636891954,99.24944812362031,2017-05-16,2026-09-02,-0.06454350507648704
night|trust_gross|selfz|w20|o2o,night,trust_gross,flow,selfz,20,o2o,-1,0.43248064497563465,0.15842596921908872,,False,-1,2270,0.4433148960163933,0.31131075740376873,0.6819178361099987,0.8,-0.6396411446558821,10,0.08781829485367414,0.05290224774893195,0.555884416295172,-23.431824138560653,531,116.66247957506553,99.2511013215859,2017-05-16,2026-09-02,0.15797941492758635
full|sbl_sell|robustz|w252|o2o,full,sbl_sell,leverage,robustz,252,o2o,-1,0.12785022483343397,0.3698041486681419,1.0976091982539116,False,-1,4021,0.6298756921631856,0.5197070034258331,0.6775113139971417,0.7647058823529411,-1.2719121459142517,17,-0.08552549911033597,0.05050926457187278,0.5712838568208781,-28.062029696855777,1406,80.25593444808189,99.0052225814474,2010-04-13,2026-09-02,-0.14970753696117806
night|trust_gross|rankc|w120|o2o,night,trust_gross,flow,rankc,120,o2o,-1,0.40460440171015943,0.19600642254516856,,False,-1,2270,0.4387530490949982,0.31334985537055426,0.6759899005880686,0.7,-0.4479247922840757,10,0.008514966055670124,-0.021212540893261713,0.6213389630892275,-30.66350830754815,329,118.2826452246544,99.60352422907489,2017-05-16,2026-09-02,0.013704220339466028
night|sbl_vs_fin|robustz|w120|o2o,night,sbl_vs_fin,leverage,robustz,120,o2o,-1,0.2771565431499034,0.4131781485032863,,False,-1,2270,0.34791019385645366,0.33557700090313064,0.6737095496333163,0.8,-0.9114997440565941,10,0.03504660956545821,-0.03266801819562189,0.5499781993525014,-26.009422617384054,511,11.265851227139885,99.11894273127754,2017-05-16,2026-09-02,0.0637236341489884
night|sbl_sell|rankc|w120|o2o,night,sbl_sell,leverage,rankc,120,o2o,-1,0.4290119881786467,0.9772850733688505,,False,-1,2270,0.7673870852601469,0.6754430803122765,0.6671352651602541,0.7,-0.8530860063785665,10,-0.0724175891936467,0.047816437390941866,0.6208779668944073,-20.154807126083497,537,98.73102225744192,99.33920704845815,2017-05-16,2026-09-02,-0.11663739584104578
night|sbl_sell|robustz|w120|o2o,night,sbl_sell,leverage,robustz,120,o2o,-1,0.35067894763311225,0.8582550103605432,,False,-1,2270,0.6601703255931292,0.5740407471229814,0.6625192038521241,0.7,-0.7940090022320143,10,-0.09787808229492939,0.059158089931368486,0.5417945656103028,-20.33025842484646,567,84.51332069084418,99.4273127753304,2017-05-16,2026-09-02,-0.18065534154015542
night|sbl_sell|signth|w120|o2o,night,sbl_sell,leverage,signth,120,o2o,-1,0.5086345331803457,0.9028231546100449,,False,-1,2270,0.7694701634049702,0.6828151555097312,0.6517692279524783,0.7,-0.8474279279895085,10,-0.06390030042000086,0.05784813961622446,0.6383006233717768,-25.059694876105,593,92.81456958933944,99.4273127753304,2017-05-16,2026-09-02,-0.10011003918882634
night|sbl_sell|bdtanh|w252|c2c,night,sbl_sell,leverage,bdtanh,252,c2c,-1,0.22239607322585084,0.9903920814662895,,False,-1,2270,0.6488392334055304,0.5755092964941625,0.645234200153842,0.7,-1.2524180594860659,10,-0.04584219807227552,0.10916461387229523,0.6240468782524698,-32.645466328105755,637,79.99802642505492,98.98678414096916,2017-05-16,2026-09-02,-0.07345954233542244
night|sbl_sell|signth|w252|o2o,night,sbl_sell,leverage,signth,252,o2o,-1,0.44612560234830345,1.2749508064602706,,False,-1,2270,0.8867985157404198,0.8125339456573171,0.6434881256672457,0.7,-0.8561942106007612,10,0.017087197590049147,0.10083041985301,0.6546898641736739,-22.422831028048503,862,74.90458571609491,99.69162995594714,2017-05-16,2026-09-02,0.026099682498698824
night|log_avgtrade|robustz|w252|o2o,night,log_avgtrade,liquidity,robustz,252,o2o,1,0.007921903728229191,1.086986951236794,,False,1,2270,0.5837379921633739,0.4943833362795658,0.6300515991781793,0.7,-0.8395759723253714,10,-0.007967462471788176,0.013162317527571526,0.5805944301668505,-25.50085947616989,1237,86.01784892630934,99.11894273127754,2017-05-16,2026-09-02,-0.013722939900574823
night|sbl_sell|rankc|w252|c2c,night,sbl_sell,leverage,rankc,252,c2c,-1,0.12948170116308447,1.0904637329210713,,False,-1,2270,0.6546513617465758,0.5752976183152869,0.628760870031088,0.8,-1.2021450848999538,10,-0.07624470854784725,0.07609894561836598,0.6358225243091645,-30.279432949777664,718,88.10634009180681,99.33920704845815,2017-05-16,2026-09-02,-0.11991507949594714
night|sbl_sell|robustz|w60|o2o,night,sbl_sell,leverage,robustz,60,o2o,-1,0.5867518837726011,0.5769716564258582,,False,-1,2270,0.6781457292080446,0.5769104779161152,0.6213823549900303,0.7,-1.0451970973475384,10,-0.08007802306028895,0.06697328983363966,0.5296206125697045,-17.089114501920143,478,96.15515693326857,99.0748898678414,2017-05-16,2026-09-02,-0.15119884150987367
full|short_fin|robustz|w120|c2c,full,short_fin,leverage,robustz,120,c2c,-1,0.21888671765024642,0.8638355610347203,0.502568406162273,False,-1,3903,0.4912600895706954,0.47634734437486936,0.6135225890686081,0.7647058823529411,-1.3428617259522413,17,-0.005980371358539387,-0.01173346799427605,0.5582415892773696,-22.962479096400667,769,11.213478516781974,99.25698180886498,2010-09-28,2026-09-02,-0.010712873195780407
night|short_fin|signth|w120|o2o,night,short_fin,leverage,signth,120,o2o,-1,0.4797114713687375,0.5956887409242128,,False,-1,2270,0.5388470383064102,0.527693654215254,0.6099675467547864,0.7,-0.9156876877126898,10,0.13987555244454333,0.011227525924051726,0.6794778417809445,-32.55975464437037,754,11.947970981078335,99.95594713656388,2017-05-16,2026-09-02,0.20585741556769932
night|log_avgtrade|bdtanh|w252|ongap,night,log_avgtrade,liquidity,bdtanh,252,ongap,1,0.008720514751231015,0.8150113754297978,,False,1,2265,0.605134235897135,0.3780013301466825,0.607045580436995,0.7,-0.9260482205275018,10,0.0037526842247458427,0.06692058680913197,0.651622705173037,-9.125427995855038,954,90.56129735494574,99.6467991169978,2017-05-16,2026-09-02,0.005758983219820932
night|sbl_sell|bdtanh|w60|o2o,night,sbl_sell,leverage,bdtanh,60,o2o,-1,0.60275405484684,0.6172403696740335,,False,-1,2270,0.7004419613597604,0.6034726288052603,0.6065350405006301,0.7,-0.793723627834697,10,-0.07270950127195483,0.05575985698280832,0.6427808790411643,-24.618662128661683,436,103.60722482339841,99.82378854625551,2017-05-16,2026-09-02,-0.11311708801981715
night|sbl_vs_fin|robustz|w120|day,night,sbl_vs_fin,leverage,robustz,120,day,-1,0.24461127462769963,0.5394496731574899,,False,-1,2270,0.3835744765247749,0.3645591934807713,0.6042203179001158,0.7,-0.9783863685404197,10,-0.008413453890551297,-0.033250903550133354,0.5500006313880893,-17.83752105849952,946,11.266113799751421,99.11894273127754,2017-05-16,2026-09-02,-0.015297171331090034
full|fin_dlog|rankc|w20|o2o,full,fin_dlog,leverage,rankc,20,o2o,-1,0.2994148075552918,0.08438372479946513,0.935131486390863,False,-1,4011,0.6650209925620392,0.45304037577622,0.6039830567776655,0.7647058823529411,-0.7003036326730466,17,0.138024343276761,-0.0014062677074929745,0.6192129019517065,-36.181253167211786,1670,160.70934495300833,99.62602842183995,2010-04-27,2026-09-02,0.22290288661899643
night|sbl_sell|robustz|w252|day,night,sbl_sell,leverage,robustz,252,day,-1,0.23346185381684997,0.47163052629157404,,False,-1,2270,0.44759955077153657,0.32932494295556164,0.6038185483480656,0.8,-0.517739456984879,10,-0.08366330931395916,0.043609447344751265,0.5752857505941816,-11.508234257615598,907,77.53932461352109,98.72246696035242,2017-05-16,2026-09-02,-0.14542913539497168
night|log_avgtrade|rankc|w252|o2o,night,log_avgtrade,liquidity,rankc,252,o2o,1,0.0017660781575852176,1.1232038298120766,,False,1,2270,0.5918255252701853,0.502082322552976,0.6026917250210201,0.7,-0.9533847961687894,10,0.0364217347453864,0.06403288809466413,0.6373546044624474,-28.693042380066025,1237,91.10825263358885,99.33920704845815,2017-05-16,2026-09-02,0.057145166113775764
