signal,sign,SR_gross,SR_net,cum_gross_pct,cum_net_pct,turnover_avg,held_pct,n_bars,SR_gross_oos,SR_net_oos,cum_net_pct_oos,n_bars_oos,oos_is_ratio
TXF_自營商_churn_chgskew60,-1,0.71,0.694,6.95,6.79,0.06821,73.7,583,3.982,3.977,23.77,114,5.608
TE_net_lots_外資div投信_ma60,1,1.027,1.022,39.7,39.48,0.10515,83.3,515,3.904,3.901,26.52,68,3.801
STF_自營商_oi_net_lots_chgskew20,1,0.714,0.708,27.06,26.86,0.08425,97.2,604,3.762,3.759,33.0,114,5.269
TF_投信_oi_net_lots_ma5,-1,0.732,0.729,30.33,30.24,0.03878,96.4,596,3.649,3.648,35.65,114,4.985
TF_外資_net_lots_chgskew120,1,0.713,0.707,5.97,5.92,0.02352,87.5,554,3.558,3.555,7.01,114,4.99
TF_投信_oi_net_lots_ma20,-1,0.715,0.713,29.77,29.69,0.03294,96.4,596,3.469,3.468,34.82,114,4.852
TE_oi_net_lots_外資div投信_ma5,1,0.723,0.717,26.28,26.06,0.09101,97.6,604,3.46,3.456,25.77,114,4.786
TXFdivMXF_投信_oi_net_lots_spot,1,0.574,0.567,19.51,19.27,0.09631,98.1,605,3.436,3.433,42.41,111,5.986
TE_外資_oi_net_lots_chgskew120,1,1.412,1.41,29.13,29.08,0.01875,89.1,554,3.417,3.416,38.52,114,2.42
TE_net_lots_投信div自營商_spot,-1,1.43,1.391,24.76,24.08,0.28321,94.2,594,3.415,3.395,21.38,114,2.388
TE_oi_net_lots_外資minus自營商_ma5,1,0.62,0.613,22.23,21.98,0.10106,97.6,604,3.384,3.378,22.99,114,5.458
TMF_自營商_oi_net_lots_chgskew120,-1,1.11,1.107,10.48,10.45,0.01128,46.8,288,3.25,3.249,14.93,114,2.928
TE_net_lots_外資div投信_ma20,1,1.127,1.118,34.61,34.32,0.13685,79.4,489,3.254,3.246,23.41,83,2.887
STF_自營商_oi_net_lots_chgskew120,1,1.476,1.475,53.9,53.88,0.0107,89.9,554,3.185,3.185,35.29,114,2.158
STF_外資_oi_net_lots_chgskew120,1,1.148,1.147,54.81,54.79,0.00811,89.9,554,3.151,3.151,44.06,114,2.745
MXF_oi_net_lots_外資div投信_ma60,1,0.939,0.937,41.41,41.31,0.04363,93.2,576,3.138,3.137,39.85,114,3.342
STF_自營商_oi_net_lots_lo,-1,0.91,0.902,12.43,12.32,0.04708,11.7,614,3.136,3.135,9.45,114,3.446
TF_投信_oi_net_lots_spot,-1,0.774,0.772,32.68,32.59,0.04061,96.4,596,3.13,3.129,30.11,114,4.044
TF_投信_oi_net_lots_chgskew60,-1,0.517,0.515,24.69,24.61,0.03343,93.8,584,3.112,3.111,41.85,114,6.019
STF_外資_oi_net_lots_chgskew60,1,1.017,1.016,48.27,48.22,0.02143,94.8,584,3.068,3.068,42.1,114,3.017
TMF_投信_net_lots_lo,-1,0.807,0.807,24.55,24.55,0.00162,46.9,348,3.064,3.064,45.0,114,3.797
TMF_投信_churn_hi,1,0.829,0.829,25.22,25.22,0.00162,46.8,348,3.064,3.064,45.0,114,3.696
TMF_投信_net_lots_hi,1,0.807,0.807,24.55,24.55,0.00162,46.9,348,3.064,3.064,45.0,114,3.797
TMF_投信_oi_net_lots_lo,-1,0.807,0.807,24.55,24.55,0.00162,46.9,348,3.064,3.064,45.0,114,3.797
TMF_投信_oi_net_lots_hi,1,0.807,0.807,24.55,24.55,0.00162,46.9,348,3.064,3.064,45.0,114,3.797
TF_投信_oi_net_lots_lo,-1,1.201,1.199,20.66,20.62,0.01461,19.2,614,3.064,3.064,45.0,114,2.551
TXF_外資_oi_net_lots_ma60,-1,0.704,0.703,32.15,32.09,0.02621,93.3,576,3.021,3.021,40.68,114,4.291
TE_net_lots_外資div自營商_ma60,-1,1.177,1.173,39.94,39.79,0.06379,93.2,576,2.988,2.986,34.76,114,2.539
MXF_外資_oi_net_lots_chgskew60,-1,0.533,0.528,8.13,8.05,0.03554,91.2,584,2.978,2.977,19.46,114,5.587
TXF_oi_net_lots_外資minus投信_ma60,-1,0.76,0.759,34.09,34.04,0.02265,93.5,576,2.895,2.895,40.04,114,3.809
TXF_投信_net_lots_spot,-1,0.7,0.665,26.69,25.38,0.54454,97.4,605,2.85,2.828,30.55,114,4.071
MXF_net_lots_外資div投信_ma5,-1,0.731,0.711,22.93,22.3,0.2618,95.9,600,2.824,2.812,27.34,114,3.863
MXFdivTMF_外資_net_lots_ma5,-1,0.61,0.593,8.85,8.6,0.11038,54.2,337,2.79,2.782,19.93,114,4.574
STF_自營商_oi_net_lots_chgskew60,1,1.211,1.21,46.96,46.9,0.02435,94.5,584,2.773,2.772,27.32,114,2.29
TMF_外資_oi_net_lots_chgskew60,-1,2.021,2.017,27.94,27.88,0.02695,51.1,318,2.725,2.724,37.77,114,1.348
TE_外資_oi_net_lots_chgskew60,1,1.21,1.206,27.9,27.82,0.03693,94.6,584,2.712,2.711,29.6,114,2.241
TMF_外資_oi_net_lots_chgskew120,-1,1.482,1.477,14.7,14.66,0.01955,46.8,288,2.705,2.705,38.27,114,1.825
STF_投信_oi_net_lots_chgskew120,-1,0.583,0.581,25.89,25.82,0.02915,89.9,554,2.7,2.7,31.36,114,4.631
TXF_投信_oi_net_lots_chgskew60,-1,0.69,0.688,21.9,21.81,0.03507,94.3,584,2.688,2.687,26.29,114,3.896
MXF_外資_churn_chgskew20,1,0.891,0.879,30.71,30.28,0.17659,94.3,603,2.693,2.68,15.46,114,3.022
STF_投信_oi_net_lots_chgskew20,-1,0.579,0.574,25.86,25.64,0.09225,91.6,604,2.608,2.606,34.53,114,4.504
MXF_net_lots_投信div自營商_ma60,1,1.177,1.173,44.94,44.78,0.06828,93.2,576,2.559,2.556,23.82,114,2.174
MXF_net_lots_外資div投信_spot,-1,0.783,0.73,15.34,14.3,0.49662,78.2,490,2.553,2.529,17.14,93,3.261
MXF_投信_net_lots_ma5,-1,1.516,1.499,42.97,42.48,0.19895,96.9,604,2.539,2.523,19.69,114,1.675
TE_自營商_churn_chgskew60,1,0.565,0.561,16.31,16.18,0.05345,90.7,583,2.517,2.512,13.43,114,4.455
TF_投信_oi_net_lots_ma60,-1,0.568,0.567,25.69,25.63,0.02358,93.3,576,2.473,2.472,29.68,114,4.354
TXF_net_lots_外資div自營商_spot,1,1.164,1.133,20.46,19.9,0.23104,95.8,605,2.478,2.449,16.75,114,2.129
STF_net_lots_投信div自營商_ma20,-1,0.949,0.944,30.9,30.71,0.07634,96.8,596,2.419,2.415,24.28,114,2.549
TXF_oi_net_lots_外資minus自營商_ma60,-1,0.641,0.639,28.83,28.77,0.02411,93.2,576,2.401,2.4,31.12,114,3.746
MXF_外資_oi_net_lots_chgskew120,-1,0.875,0.87,6.67,6.63,0.01757,86.7,554,2.397,2.396,13.78,114,2.739
TXF_net_lots_投信div自營商_spot,-1,0.836,0.807,16.29,15.72,0.23664,96.3,605,2.409,2.376,14.44,114,2.882
TXFdivTMF_自營商_net_lots_ma5,1,1.343,1.335,19.79,19.66,0.0554,52.6,338,2.35,2.342,16.89,114,1.75
STF_外資_oi_net_lots_chgskew20,1,0.824,0.82,37.3,37.11,0.07862,97.6,604,2.308,2.305,25.16,114,2.801
MXF_net_lots_外資div投信_ma20,-1,0.702,0.693,25.36,25.0,0.14844,96.4,596,2.209,2.2,23.26,114,3.147
TXF_外資_churn_chgskew60,1,0.599,0.589,8.88,8.74,0.06096,91.4,583,2.193,2.185,5.4,114,3.661
TE_自營商_net_lots_ma60,-1,0.511,0.504,19.87,19.58,0.12251,93.5,576,2.169,2.164,26.18,114,4.245
TE_net_lots_外資minus自營商_ma60,1,0.57,0.561,22.27,21.92,0.14727,93.2,576,2.071,2.067,24.85,114,3.633
STF_外資_net_lots_chgskew120,-1,0.776,0.77,6.01,5.96,0.01805,87.3,554,2.064,2.061,14.46,114,2.66
TAIEX_自營商_net_lots_consol_spot,1,0.56,0.515,12.28,11.3,0.43095,55.0,339,2.045,2.019,19.54,114,3.652
TMF_外資_oi_net_lots_chgskew20,-1,1.526,1.517,25.67,25.52,0.06415,54.5,338,1.935,1.932,21.02,114,1.268
TE_外資_oi_net_lots_ma5,1,0.856,0.85,30.78,30.57,0.08795,98.1,604,1.932,1.927,16.09,114,2.257
TXF_net_lots_外資div自營商_ma60,-1,0.6,0.596,20.69,20.55,0.05693,93.5,576,1.919,1.916,18.49,114,3.198
STF_oi_net_lots_外資div投信_spot,1,0.618,0.61,15.6,15.4,0.08942,89.6,555,1.912,1.908,18.28,114,3.094
TE_oi_net_lots_share外資_ma20,-1,0.58,0.577,24.72,24.57,0.0595,96.6,596,1.891,1.889,16.96,114,3.26
TXF_外資_oi_net_lots_chgskew120,-1,0.717,0.712,6.7,6.66,0.01875,85.7,554,1.856,1.854,4.82,114,2.589
TE_oi_net_lots_投信div自營商_ma60,-1,0.572,0.568,23.1,22.96,0.05745,93.3,576,1.791,1.789,19.9,114,3.131
TE_自營商_churn_spot,1,0.694,0.658,18.02,17.08,0.39548,97.6,604,1.78,1.756,12.64,114,2.565
TXF_自營商_net_lots_spot,1,0.707,0.648,23.27,21.32,0.80833,97.6,605,1.736,1.711,17.31,114,2.455
TE_net_lots_外資div投信_ma5,1,0.623,0.606,19.02,18.52,0.23337,85.1,531,1.722,1.711,13.26,103,2.764
STF_投信_net_lots_chgskew20,1,0.774,0.762,25.7,25.29,0.16901,86.4,604,1.671,1.66,9.36,114,2.159
TMF_net_lots_share外資_spot,-1,1.454,1.415,26.92,26.19,0.3182,54.1,339,1.672,1.641,14.2,114,1.15
TE_外資_oi_net_lots_spot,1,0.577,0.564,21.18,20.7,0.20167,97.7,605,1.636,1.624,14.51,114,2.835
TMF_外資_net_lots_ma60,1,1.2,1.179,21.25,20.88,0.16353,50.0,310,1.631,1.622,18.35,114,1.359
TMF_net_lots_外資minus投信_ma60,1,1.2,1.179,21.25,20.88,0.16353,50.0,310,1.631,1.622,18.35,114,1.359
STF_外資_net_lots_spot,1,0.929,0.891,31.04,29.76,0.53342,97.2,605,1.637,1.616,16.41,114,1.762
MXFdivTMF_外資_net_lots_spot,-1,1.648,1.609,19.85,19.38,0.20811,52.9,335,1.567,1.547,8.08,114,0.951
TMF_自營商_oi_net_lots_chgskew60,-1,1.557,1.552,17.34,17.29,0.02325,51.6,318,1.531,1.528,6.9,114,0.983
STF_net_lots_投信div自營商_ma60,-1,0.594,0.591,25.4,25.28,0.0476,93.3,576,1.517,1.517,17.25,114,2.554
STF_net_lots_外資minus投信_spot,1,0.811,0.773,27.19,25.92,0.52761,96.8,605,1.529,1.508,15.59,114,1.885
TMF_net_lots_外資div自營商_ma5,-1,0.75,0.737,9.67,9.51,0.07083,53.9,338,1.512,1.504,12.23,114,2.016
TMF_外資_churn_chgskew60,1,2.14,2.136,42.18,42.1,0.03359,48.9,317,1.514,1.502,5.17,114,0.707
TE_oi_net_lots_外資minus自營商_ma20,1,0.569,0.567,23.64,23.53,0.04368,96.6,596,1.476,1.474,14.04,114,2.594
TF_net_lots_外資div自營商_ma5,1,0.604,0.584,17.53,16.96,0.2361,96.8,604,1.471,1.46,10.81,114,2.435
STF_外資_churn_chgskew20,-1,0.762,0.746,21.63,21.19,0.18602,90.1,603,1.393,1.383,7.88,114,1.828
STF_外資_oi_net_lots_ma60,-1,0.923,0.921,37.52,37.45,0.02768,93.5,576,1.357,1.356,17.03,114,1.47
STF_oi_net_lots_外資minus投信_ma60,-1,0.941,0.939,38.22,38.15,0.02765,93.5,576,1.356,1.355,16.93,114,1.441
STF_oi_net_lots_外資div投信_ma60,-1,0.535,0.534,22.19,22.12,0.03003,86.9,535,1.326,1.325,15.43,114,2.479
TE_oi_net_lots_外資minus投信_ma5,1,0.689,0.684,26.83,26.65,0.07447,97.4,604,1.325,1.321,12.93,114,1.923
TXF_投信_churn_chgskew20,1,0.665,0.656,24.73,24.4,0.13759,96.8,603,1.318,1.314,16.83,114,1.982
TE_net_lots_投信div自營商_ma20,-1,0.845,0.84,32.58,32.37,0.08945,95.6,596,1.318,1.314,14.06,114,1.56
TXFdivTMF_外資_oi_net_lots_ma20,-1,0.517,0.513,13.62,13.51,0.0462,53.6,330,1.251,1.247,13.28,114,2.42
STF_自營商_net_lots_chgskew120,1,1.059,1.055,13.67,13.62,0.02353,88.5,554,1.234,1.231,2.75,114,1.165
TXFdivMXF_投信_net_lots_ma20,-1,0.691,0.683,27.32,26.99,0.13485,96.1,596,1.156,1.15,12.3,114,1.673
TE_oi_net_lots_外資minus投信_spot,1,0.563,0.552,22.47,22.05,0.17429,97.6,605,1.123,1.114,10.9,114,1.995
TE_外資_oi_net_lots_ma60,1,0.624,0.622,28.48,28.41,0.02841,93.2,576,1.115,1.114,12.82,114,1.787
TE_外資_oi_net_lots_ma20,1,0.767,0.765,30.35,30.25,0.04293,96.4,596,1.112,1.11,11.23,114,1.45
TE_oi_net_lots_外資minus自營商_ma60,1,0.811,0.81,33.84,33.78,0.02702,93.5,576,1.074,1.074,12.94,114,1.324
MXF_投信_oi_net_lots_chgskew20,-1,0.899,0.892,35.59,35.31,0.11628,97.7,604,1.07,1.067,11.67,114,1.19
TE_oi_net_lots_share外資_ma60,-1,0.596,0.594,26.47,26.36,0.04489,93.3,576,0.982,0.981,12.24,114,1.648
TMF_自營商_net_lots_spot,-1,0.604,0.553,11.92,10.9,0.44477,54.1,339,0.952,0.926,9.91,114,1.576
TE_自營商_oi_net_lots_chgskew20,1,1.138,1.13,33.38,33.14,0.1004,97.7,604,0.923,0.917,6.29,114,0.811
MXFdivTMF_自營商_net_lots_spot,-1,1.206,1.178,12.52,12.23,0.12863,53.4,339,0.927,0.91,5.05,114,0.769
STF_投信_net_lots_spot,1,0.815,0.784,17.48,16.81,0.28306,96.4,605,0.919,0.899,7.5,114,1.128
STF_投信_net_lots_chgskew120,1,0.956,0.951,20.14,20.03,0.04774,88.1,554,0.872,0.866,2.78,114,0.912
STF_投信_oi_net_lots_spot,1,0.51,0.505,21.13,20.93,0.08405,98.2,605,0.837,0.833,9.02,114,1.641
TMF_net_lots_外資minus自營商_spot,1,1.161,1.118,24.9,23.98,0.40591,54.4,339,0.787,0.763,8.22,114,0.678
MXF_oi_net_lots_外資div投信_ma20,1,0.638,0.633,22.24,22.05,0.07742,96.3,596,0.757,0.754,9.64,114,1.187
STF_自營商_churn_chgskew20,1,0.996,0.98,26.11,25.69,0.17606,94.3,603,0.744,0.736,4.3,114,0.747
TF_net_lots_外資minus投信_ma5,1,0.528,0.505,16.96,16.22,0.30854,97.9,604,0.696,0.685,5.74,114,1.318
TF_自營商_net_lots_spot,1,0.656,0.611,21.43,19.95,0.61469,96.9,605,0.715,0.684,5.5,114,1.09
TE_oi_net_lots_投信div自營商_spot,-1,0.751,0.729,15.79,15.34,0.18272,96.6,605,0.589,0.578,3.55,114,0.784
STF_自營商_net_lots_chgskew20,1,0.949,0.936,17.97,17.72,0.1005,96.8,604,0.562,0.556,3.42,114,0.592
MXF_投信_churn_chgskew60,1,0.554,0.551,20.92,20.79,0.05531,93.5,583,0.523,0.521,5.42,114,0.944
TE_oi_net_lots_外資div自營商_spot,1,0.717,0.694,14.61,14.14,0.19282,97.4,605,0.528,0.517,3.03,114,0.736
TMF_oi_net_lots_share外資_ma20,1,0.906,0.904,22.27,22.21,0.02866,53.6,330,0.504,0.502,4.98,114,0.556
TXF_投信_oi_net_lots_chgskew20,-1,0.566,0.559,21.57,21.32,0.10086,97.1,604,0.409,0.405,2.67,114,0.723
TAIEX_投信_oi_net_lots_consol_chgskew20,-1,1.541,1.534,33.72,33.58,0.06077,54.2,338,0.408,0.403,2.66,114,0.265
STF_自營商_churn_ma60,-1,0.903,0.899,35.63,35.46,0.07259,93.2,575,0.399,0.397,4.32,114,0.442
TE_oi_net_lots_外資minus投信_ma20,1,0.651,0.649,24.21,24.13,0.0327,96.4,596,0.352,0.35,3.78,114,0.541
TE_net_lots_外資div投信_spot,1,1.129,1.09,20.17,19.47,0.37605,59.1,371,0.363,0.337,1.31,63,0.322
TXFdivMXF_自營商_oi_net_lots_spot,-1,1.133,1.112,20.66,20.28,0.15704,96.4,605,0.331,0.32,2.7,114,0.292
TF_net_lots_外資minus自營商_ma20,1,0.682,0.666,22.76,22.24,0.21791,96.6,596,0.325,0.32,3.17,114,0.477
STF_net_lots_share外資_ma5,-1,0.698,0.674,20.65,19.95,0.28911,96.8,604,0.317,0.308,2.65,114,0.454
TXFdivTMF_自營商_net_lots_spot,1,0.99,0.969,10.3,10.08,0.09506,51.0,339,0.286,0.263,1.22,114,0.289
TE_外資_churn_chgskew60,-1,0.978,0.97,21.92,21.75,0.0733,89.4,583,0.268,0.256,0.56,114,0.274
TF_投信_net_lots_chgskew20,-1,0.747,0.733,17.94,17.59,0.14362,30.2,604,0.257,0.247,0.63,114,0.344
MXF_net_lots_外資div自營商_ma60,1,0.534,0.53,21.45,21.3,0.06298,93.3,576,0.203,0.201,2.29,114,0.38
TAIEX_自營商_oi_net_lots_consol_ma5,1,1.066,1.061,27.21,27.1,0.04899,54.9,338,0.163,0.16,1.7,114,0.153
TE_oi_net_lots_外資minus投信_ma60,1,0.639,0.638,29.74,29.69,0.02193,93.3,576,0.158,0.157,1.72,114,0.247
TF_net_lots_外資minus自營商_ma5,1,0.677,0.654,21.87,21.11,0.31553,96.9,604,0.152,0.141,1.22,114,0.225
TE_投信_oi_net_lots_chgskew60,-1,0.716,0.713,28.96,28.84,0.04956,94.5,584,0.137,0.136,1.8,114,0.191
TF_外資_net_lots_ma20,1,0.549,0.536,20.74,20.27,0.19858,96.3,596,0.118,0.111,1.08,114,0.215
TF_投信_net_lots_chgskew60,-1,1.148,1.141,25.98,25.82,0.06872,51.8,584,0.083,0.074,0.21,114,0.072
TE_外資_churn_chgskew20,1,0.67,0.655,17.28,16.89,0.16379,93.0,603,0.081,0.072,0.51,114,0.121
TF_自營商_churn_chgskew60,1,0.634,0.624,11.71,11.52,0.0776,91.2,583,0.074,0.072,0.8,114,0.117
TF_net_lots_外資minus投信_ma20,1,0.615,0.603,23.41,22.94,0.1959,96.1,596,0.061,0.055,0.54,114,0.099
MXF_外資_oi_net_lots_chgskew20,-1,0.79,0.776,13.51,13.27,0.09974,97.6,604,0.038,0.034,0.26,114,0.048
TAIEX_自營商_oi_net_lots_consol_ma60,1,0.687,0.685,16.92,16.88,0.0193,50.0,310,0.034,0.033,0.39,114,0.049
STF_自營商_churn_ma20,-1,0.834,0.828,33.26,33.05,0.08922,96.1,595,0.032,0.028,0.27,114,0.038
