signal,sign,n_bars,start_date,end_date,cum_gross_pct,cum_net_pct,ann_ret_gross_pct,ann_ret_net_pct,SR_gross,SR_net,sortino,calmar,max_dd_pct,max_dd_days,beta,alpha_ann_pct,corr_bh,info_ratio,win_rate,profit_factor,win_loss_ratio,best_day_pct,worst_day_pct,ret_skew,ret_kurt,downside_dev_pct,yr_sr_min,yr_sr_max,yr_sr_mean,yr_sr_std,SR_of_SR,positive_years,n_years,held_pct,turnover_avg,turnover_ann,n_trades,tcost_pct_of_gross,n_bars_oos,start_date_oos,end_date_oos,cum_gross_pct_oos,cum_net_pct_oos,ann_ret_gross_pct_oos,ann_ret_net_pct_oos,SR_gross_oos,SR_net_oos,sortino_oos,calmar_oos,max_dd_pct_oos,max_dd_days_oos,beta_oos,alpha_ann_pct_oos,corr_bh_oos,info_ratio_oos,win_rate_oos,profit_factor_oos,win_loss_ratio_oos,best_day_pct_oos,worst_day_pct_oos,ret_skew_oos,ret_kurt_oos,downside_dev_pct_oos,yr_sr_min_oos,yr_sr_max_oos,yr_sr_mean_oos,yr_sr_std_oos,SR_of_SR_oos,positive_years_oos,n_years_oos,held_pct_oos,turnover_avg_oos,turnover_ann_oos,n_trades_oos,tcost_pct_of_gross_oos,oos_is_ratio
skew_otm10_front_xtreme240_norm60,1,1582,2013-01-04,2024-12-19,54.215,51.789,8.636,8.25,0.869,0.83,1.182,0.845,-9.76,253,-0.013,8.308,-0.023,0.817,0.506,1.222,1.189,9.635,-5.575,2.741,45.911,6.981,0.036,2.472,0.848,0.659,1.287,1.0,12,97.53,0.28092,70.79,964,4.47,126,2025-01-06,2025-12-05,4.667,4.547,9.334,9.095,0.92,0.897,1.35,1.182,-7.69,49,-0.01,9.517,-0.029,0.912,0.482,1.22,1.31,2.415,-2.807,0.805,6.417,6.735,,,,,,,1,88.89,0.25392,63.99,67,2.56,1.081
skew_otm10_front_xtreme240_norm120,1,1588,2013-01-04,2024-12-19,46.615,44.284,7.397,7.027,0.777,0.738,1.072,0.605,-11.61,270,-0.018,7.109,-0.033,0.722,0.5,1.197,1.189,9.68,-4.624,3.248,52.317,6.553,-0.532,2.479,0.761,0.731,1.041,0.833,12,98.99,0.26939,67.89,964,5.0,126,2025-01-06,2025-12-05,7.776,7.66,15.551,15.321,1.571,1.549,2.378,3.068,-4.99,49,0.031,14.01,0.094,1.562,0.455,1.428,1.714,2.399,-2.832,0.79,7.427,6.444,,,,,,,1,96.03,0.24485,61.7,77,1.48,2.099
skew_otm10_front_xtreme240_norm252,1,1588,2013-01-04,2024-12-19,43.081,40.872,6.837,6.486,0.727,0.69,1.003,0.472,-13.73,347,-0.042,6.674,-0.077,0.659,0.497,1.189,1.198,9.725,-4.48,3.476,56.142,6.469,-0.503,2.108,0.75,0.724,1.035,0.75,12,99.31,0.25439,64.11,943,5.13,126,2025-01-06,2025-12-05,12.837,12.729,25.673,25.458,2.176,2.159,2.576,4.233,-6.01,36,0.277,13.83,0.696,3.858,0.619,1.614,0.993,2.727,-2.858,0.11,5.649,9.882,,,,,,,1,100.0,0.23,57.96,68,0.84,3.129
total_call_all_oi_dev60_240_norm252,-1,2922,2013-01-02,2024-12-31,92.141,84.532,7.946,7.29,0.658,0.603,0.753,0.227,-32.15,584,0.128,5.869,0.178,0.591,0.525,1.131,1.022,6.983,-8.905,-0.316,20.044,9.685,-0.887,1.408,0.661,0.672,0.983,0.833,12,99.62,0.48008,120.98,2933,8.26,226,2025-01-02,2025-12-05,37.025,36.471,41.285,40.667,2.12,2.088,3.845,5.708,-7.13,56,-0.034,41.535,-0.046,2.039,0.531,1.541,1.36,8.081,-4.379,2.187,13.814,10.576,,,,,,,1,99.12,0.66177,166.77,226,1.5,3.463
total_call_all_oi_dev60_240_norm120,-1,2922,2013-01-02,2024-12-31,92.015,84.376,7.936,7.277,0.664,0.609,0.768,0.247,-29.49,587,0.111,6.039,0.157,0.6,0.523,1.131,1.031,6.413,-8.419,-0.294,16.565,9.481,-0.953,1.433,0.669,0.704,0.949,0.833,12,99.76,0.48201,121.47,2933,8.3,226,2025-01-02,2025-12-05,40.497,39.916,45.156,44.509,2.308,2.274,3.959,8.125,-5.48,50,0.07,42.736,0.094,2.409,0.531,1.608,1.421,8.933,-5.047,2.07,15.509,11.241,,,,,,,1,100.0,0.69401,174.89,226,1.43,3.734
total_put_monthly_oi_ma5_rank240_norm60,-1,2922,2013-01-02,2024-12-31,99.655,96.883,8.594,8.355,0.778,0.756,1.017,0.54,-15.48,440,0.006,8.284,0.01,0.757,0.508,1.158,1.123,4.954,-5.408,-0.009,7.397,8.219,-0.571,1.657,0.676,0.73,0.926,0.833,12,99.21,0.17241,43.45,2933,2.78,226,2025-01-02,2025-12-05,19.8,19.639,22.078,21.898,1.583,1.57,2.492,3.409,-6.42,73,-0.085,24.041,-0.159,1.488,0.547,1.335,1.107,4.333,-2.976,0.683,3.839,8.787,,,,,,,1,99.56,0.19208,48.4,226,0.82,2.077
total_call_monthly_oi_rank240,-1,2922,2013-01-02,2024-12-31,100.543,97.455,8.671,8.405,0.777,0.754,0.853,0.253,-33.18,559,0.289,5.198,0.435,0.825,0.531,1.182,1.042,6.21,-9.702,-1.328,30.71,9.847,-0.752,2.452,0.874,0.967,0.905,0.833,12,98.94,0.19557,49.28,2863,3.07,226,2025-01-02,2025-12-05,7.794,7.591,8.69,8.464,0.47,0.458,0.583,0.343,-24.67,192,0.442,-2.671,0.622,-0.383,0.529,1.116,0.993,9.294,-5.346,1.427,21.766,14.51,,,,,,,1,98.67,0.24126,60.8,221,2.6,0.607
skew_otm10_front_xtreme240_norm504,1,1588,2013-01-04,2024-12-19,40.732,38.605,6.464,6.126,0.72,0.682,0.992,0.377,-16.27,630,-0.1,6.578,-0.194,0.613,0.506,1.199,1.165,9.759,-3.247,4.174,66.326,6.176,-0.527,2.383,0.774,0.877,0.883,0.833,12,96.54,0.24386,61.45,957,5.22,126,2025-01-06,2025-12-05,13.512,13.405,27.024,26.809,2.466,2.448,3.049,5.707,-4.7,36,0.239,16.801,0.645,4.318,0.619,1.706,1.05,2.41,-2.854,0.249,5.639,8.793,,,,,,,1,100.0,0.22909,57.73,62,0.79,3.589
total_call_monthly_volume_chgskew60_norm504,-1,2922,2013-01-02,2024-12-31,71.279,70.414,6.147,6.073,0.644,0.636,0.832,0.335,-18.14,509,0.237,3.44,0.417,0.618,0.527,1.132,1.015,5.431,-4.866,0.174,9.23,7.297,-0.449,2.009,0.596,0.704,0.847,0.667,12,99.35,0.05283,13.31,2933,1.21,226,2025-01-02,2025-12-05,6.125,6.06,6.83,6.757,0.533,0.528,0.659,0.433,-15.61,158,0.233,0.9,0.472,0.133,0.535,1.098,0.953,3.199,-3.548,-0.676,3.991,10.252,,,,,,,1,100.0,0.07805,19.67,226,1.07,0.83
total_call_all_oi_dev60_240_norm60,-1,2922,2013-01-02,2024-12-31,83.487,75.785,7.2,6.536,0.603,0.548,0.689,0.241,-27.1,504,0.098,5.449,0.138,0.53,0.516,1.116,1.045,6.006,-7.965,-0.354,15.482,9.484,-0.83,1.499,0.624,0.744,0.839,0.833,12,99.66,0.48597,122.47,2933,9.22,226,2025-01-02,2025-12-05,38.265,37.658,42.668,41.991,2.257,2.221,3.832,6.688,-6.28,50,0.049,40.764,0.067,2.311,0.524,1.586,1.438,8.484,-4.865,1.996,14.938,10.957,,,,,,,1,99.56,0.72676,183.14,226,1.59,4.053
front_share_oi_total_rank60_norm120,-1,2922,2013-01-02,2024-12-31,91.343,86.318,7.878,7.444,0.688,0.65,0.89,0.491,-15.16,404,-0.038,7.865,-0.056,0.651,0.519,1.137,1.052,9.241,-6.396,0.774,17.917,8.368,-0.756,2.064,0.694,0.847,0.819,0.75,12,99.79,0.31086,78.34,2898,5.5,226,2025-01-02,2025-12-05,5.531,5.224,6.168,5.825,0.402,0.379,0.526,0.392,-14.84,209,-0.016,6.237,-0.028,0.395,0.511,1.071,1.025,3.432,-3.627,-0.079,2.933,11.072,,,,,,,1,99.56,0.36563,92.14,217,5.56,0.583
total_call_monthly_volume_dev60_240,-1,2922,2013-01-02,2024-12-31,86.962,82.283,7.5,7.096,0.752,0.712,0.883,0.41,-17.3,429,0.075,6.259,0.127,0.719,0.54,1.153,0.983,6.791,-7.952,-0.278,19.44,8.037,-0.466,3.038,0.779,0.956,0.815,0.75,12,99.83,0.27554,69.44,2933,5.38,226,2025-01-02,2025-12-05,7.441,7.309,8.297,8.15,0.657,0.645,0.816,0.468,-17.41,151,0.197,3.186,0.406,0.425,0.553,1.138,0.92,3.91,-3.509,0.242,7.299,9.991,,,,,,,1,100.0,0.15715,39.6,226,1.78,0.906
front_share_oi_total_rank240_norm60,-1,2922,2013-01-02,2024-12-31,96.112,91.143,8.289,7.86,0.724,0.687,0.936,0.487,-16.15,501,-0.03,8.191,-0.044,0.686,0.516,1.144,1.073,8.889,-6.804,0.581,16.042,8.401,-0.959,2.208,0.742,0.918,0.808,0.75,12,99.52,0.30752,77.49,2884,5.17,226,2025-01-02,2025-12-05,6.808,6.512,7.591,7.261,0.504,0.482,0.662,0.486,-14.93,168,-0.003,7.345,-0.006,0.485,0.518,1.091,1.017,3.562,-3.505,-0.08,3.012,10.968,,,,,,,1,100.0,0.35248,88.82,213,4.36,0.702
total_call_monthly_volume_dev60_240_norm60,-1,2922,2013-01-02,2024-12-31,90.726,85.747,7.824,7.395,0.706,0.667,0.838,0.392,-18.86,380,0.068,6.642,0.103,0.668,0.537,1.14,0.981,7.858,-7.353,-0.123,15.837,8.826,-0.515,2.709,0.72,0.903,0.798,0.75,12,99.66,0.29282,73.79,2933,5.49,226,2025-01-02,2025-12-05,8.355,8.205,9.316,9.149,0.618,0.607,0.772,0.424,-21.57,147,0.249,2.881,0.429,0.335,0.553,1.122,0.907,4.822,-4.155,-0.018,6.092,11.849,,,,,,,1,100.0,0.17786,44.82,226,1.79,0.91
front_share_oi_total_rank240_norm120,-1,2922,2013-01-02,2024-12-31,94.199,89.268,8.124,7.699,0.705,0.668,0.912,0.445,-17.29,1022,-0.04,8.147,-0.059,0.667,0.516,1.14,1.069,9.397,-7.365,0.63,18.273,8.446,-0.982,2.186,0.722,0.905,0.798,0.75,12,99.83,0.30582,77.07,2901,5.23,226,2025-01-02,2025-12-05,8.719,8.423,9.722,9.392,0.649,0.627,0.855,0.62,-15.14,164,0.013,9.074,0.022,0.619,0.533,1.12,0.98,3.529,-3.483,-0.129,2.891,10.986,,,,,,,1,99.56,0.35255,88.84,224,3.4,0.939
total_call_monthly_volume_dev60_240_norm120,-1,2922,2013-01-02,2024-12-31,92.465,87.462,7.974,7.543,0.719,0.68,0.858,0.41,-18.41,380,0.064,6.833,0.097,0.682,0.537,1.144,0.986,8.394,-7.556,0.003,17.985,8.794,-0.535,2.779,0.731,0.917,0.797,0.75,12,99.76,0.29416,74.13,2933,5.41,226,2025-01-02,2025-12-05,8.835,8.685,9.851,9.684,0.645,0.634,0.803,0.436,-22.23,156,0.263,3.052,0.449,0.363,0.556,1.129,0.903,5.04,-4.404,-0.015,6.617,12.063,,,,,,,1,99.56,0.1778,44.81,226,1.69,0.932
front_share_oi_total_rank60_norm252,-1,2922,2013-01-02,2024-12-31,90.68,85.637,7.82,7.386,0.682,0.644,0.88,0.474,-15.58,501,-0.041,7.843,-0.06,0.645,0.515,1.136,1.069,9.387,-6.618,0.792,19.089,8.393,-0.808,2.14,0.696,0.875,0.795,0.75,12,99.52,0.31207,78.64,2918,5.56,226,2025-01-02,2025-12-05,5.106,4.796,5.693,5.348,0.369,0.347,0.478,0.349,-15.32,209,-0.007,5.536,-0.013,0.355,0.511,1.065,1.018,3.388,-3.599,-0.121,2.949,11.187,,,,,,,1,99.56,0.36813,92.77,225,6.06,0.539
total_call_monthly_oi_dev60_240_norm504,-1,2922,2013-01-02,2024-12-31,99.652,96.371,8.594,8.311,0.734,0.71,0.881,0.271,-30.67,609,0.156,6.578,0.224,0.724,0.531,1.154,1.017,6.855,-8.045,-0.303,15.084,9.437,-0.822,2.466,0.828,1.046,0.792,0.667,12,99.56,0.20592,51.89,2933,3.29,226,2025-01-02,2025-12-05,10.826,10.628,12.072,11.85,0.807,0.793,1.212,0.811,-14.61,176,0.159,7.848,0.276,0.725,0.5,1.166,1.166,6.054,-3.732,1.043,9.024,9.78,,,,,,,1,100.0,0.23573,59.4,226,1.83,1.117
front_share_oi_total_rank60_norm504,-1,2922,2013-01-02,2024-12-31,91.149,86.143,7.861,7.429,0.684,0.646,0.882,0.471,-15.78,501,-0.044,7.922,-0.065,0.647,0.517,1.136,1.062,9.412,-6.706,0.783,19.247,8.427,-0.783,2.215,0.703,0.896,0.785,0.75,12,99.52,0.30995,78.11,2893,5.49,226,2025-01-02,2025-12-05,6.483,6.174,7.228,6.884,0.471,0.449,0.623,0.447,-15.41,168,0.005,6.759,0.008,0.444,0.513,1.084,1.028,3.371,-3.619,-0.111,2.849,11.046,,,,,,,1,100.0,0.36771,92.66,220,4.77,0.695
front_share_oi_total_rank240_norm504,-1,2922,2013-01-02,2024-12-31,95.53,90.645,8.239,7.817,0.71,0.674,0.914,0.456,-17.13,1022,-0.044,8.311,-0.064,0.673,0.518,1.142,1.062,9.46,-7.453,0.68,19.746,8.555,-0.872,2.343,0.766,0.975,0.785,0.833,12,99.45,0.30364,76.52,2904,5.11,226,2025-01-02,2025-12-05,9.542,9.247,10.639,10.31,0.701,0.68,0.923,0.706,-14.61,163,-0.002,10.349,-0.003,0.68,0.551,1.13,0.92,3.292,-3.414,-0.149,2.577,11.168,,,,,,,1,99.56,0.35008,88.22,214,3.09,1.009
total_call_monthly_oi_dev60_240,-1,2922,2013-01-02,2024-12-31,93.497,90.241,8.063,7.783,0.736,0.71,0.86,0.262,-29.71,617,0.152,6.098,0.233,0.725,0.536,1.161,1.006,6.306,-7.664,-0.283,16.862,9.052,-0.83,2.628,0.819,1.044,0.785,0.75,12,99.04,0.20375,51.34,2933,3.48,226,2025-01-02,2025-12-05,11.767,11.586,13.121,12.919,0.995,0.979,1.477,0.867,-14.89,168,0.16,8.893,0.315,0.985,0.511,1.218,1.165,5.212,-3.277,1.156,9.238,8.748,,,,,,,1,98.67,0.21574,54.37,226,1.54,1.379
total_call_monthly_oi_rank240_norm60,-1,2922,2013-01-02,2024-12-31,97.668,94.234,8.423,8.127,0.726,0.7,0.854,0.26,-31.2,654,0.137,6.602,0.199,0.71,0.532,1.154,1.015,6.538,-7.956,-0.487,16.135,9.514,-0.99,2.155,0.799,1.027,0.779,0.75,12,99.59,0.21581,54.38,2933,3.52,226,2025-01-02,2025-12-05,8.552,8.313,9.536,9.269,0.562,0.546,0.789,0.518,-17.9,209,0.222,3.665,0.341,0.328,0.529,1.115,0.992,7.238,-4.232,1.067,10.731,11.756,,,,,,,1,98.67,0.28488,71.79,226,2.79,0.78
total_call_monthly_volume_dev60_240_norm252,-1,2922,2013-01-02,2024-12-31,92.862,87.868,8.009,7.578,0.726,0.687,0.87,0.405,-18.7,425,0.056,6.952,0.086,0.689,0.538,1.145,0.982,8.61,-7.622,0.068,18.932,8.708,-0.513,2.835,0.731,0.94,0.777,0.75,12,99.79,0.2939,74.06,2933,5.38,226,2025-01-02,2025-12-05,8.085,7.937,9.015,8.85,0.622,0.611,0.782,0.427,-20.73,157,0.227,3.134,0.407,0.365,0.556,1.123,0.898,4.41,-3.881,-0.005,5.547,11.316,,,,,,,1,99.56,0.17591,44.33,226,1.83,0.889
front_share_oi_total_rank240_norm252,-1,2922,2013-01-02,2024-12-31,93.507,88.568,8.064,7.638,0.697,0.66,0.9,0.425,-17.96,1037,-0.045,8.137,-0.065,0.66,0.514,1.139,1.076,9.471,-7.454,0.68,19.444,8.486,-0.958,2.257,0.735,0.947,0.776,0.833,12,99.83,0.30668,77.28,2932,5.28,226,2025-01-02,2025-12-05,8.835,8.541,9.851,9.524,0.657,0.635,0.859,0.621,-15.33,164,0.022,8.961,0.039,0.622,0.535,1.121,0.973,3.348,-3.454,-0.166,2.715,11.087,,,,,,,1,100.0,0.34838,87.79,226,3.32,0.962
total_call_monthly_volume_dev60_240_norm504,-1,2922,2013-01-02,2024-12-31,92.532,87.563,7.98,7.552,0.719,0.681,0.862,0.378,-19.96,429,0.065,6.824,0.099,0.683,0.536,1.144,0.99,8.678,-7.653,0.041,18.954,8.764,-0.512,2.811,0.726,0.942,0.771,0.75,12,99.66,0.29246,73.7,2933,5.37,226,2025-01-02,2025-12-05,7.215,7.071,8.045,7.885,0.573,0.561,0.712,0.393,-20.05,157,0.213,2.526,0.394,0.297,0.556,1.114,0.891,4.375,-3.748,0.05,6.047,11.075,,,,,,,1,99.56,0.17058,42.99,226,1.99,0.824
total_call_monthly_oi_dev60_240_norm120,-1,2922,2013-01-02,2024-12-31,94.788,91.502,8.175,7.891,0.713,0.689,0.867,0.269,-29.37,658,0.126,6.494,0.185,0.695,0.528,1.147,1.025,6.621,-7.241,-0.17,12.205,9.105,-0.786,2.395,0.815,1.067,0.764,0.667,12,99.62,0.20633,51.99,2933,3.47,226,2025-01-02,2025-12-05,12.893,12.682,14.376,14.141,0.808,0.794,1.129,0.644,-21.96,168,0.322,6.021,0.471,0.64,0.531,1.171,1.035,7.953,-4.652,1.087,12.895,12.523,,,,,,,1,100.0,0.25023,63.06,226,1.63,1.152
front_share_oi_total_dev60_240,-1,2922,2013-01-02,2024-12-31,86.044,82.534,7.421,7.118,0.616,0.59,0.815,0.435,-16.38,341,-0.11,8.343,-0.154,0.6,0.513,1.12,1.062,8.06,-6.363,0.496,13.052,8.733,-0.841,1.997,0.645,0.844,0.764,0.75,12,99.83,0.22063,55.6,2933,4.08,226,2025-01-02,2025-12-05,4.235,3.976,4.723,4.433,0.316,0.296,0.407,0.293,-15.14,208,-0.037,5.359,-0.064,0.337,0.507,1.057,1.029,3.581,-3.613,-0.011,3.08,10.886,,,,,,,1,99.56,0.30838,77.71,226,6.12,0.502
total_call_monthly_oi_dev60_240_norm252,-1,2922,2013-01-02,2024-12-31,93.601,90.315,8.072,7.789,0.696,0.672,0.838,0.264,-29.45,638,0.139,6.249,0.201,0.674,0.531,1.144,1.012,6.988,-7.789,-0.221,14.295,9.297,-0.73,2.463,0.801,1.06,0.756,0.667,12,99.21,0.20625,51.97,2933,3.51,226,2025-01-02,2025-12-05,13.867,13.666,15.463,15.238,1.001,0.987,1.547,1.06,-14.37,161,0.175,10.82,0.295,0.994,0.507,1.204,1.172,6.052,-3.757,0.943,7.68,9.852,,,,,,,1,99.56,0.23916,60.27,226,1.45,1.469
total_call_monthly_volume_ma5_rank240,-1,2922,2013-01-02,2024-12-31,94.512,91.643,8.151,7.904,0.732,0.71,0.86,0.392,-20.17,1340,0.038,7.479,0.058,0.713,0.512,1.165,1.111,8.304,-9.755,-0.646,30.422,9.194,-0.9,2.227,0.653,0.896,0.729,0.667,12,99.21,0.17768,44.77,2844,3.04,226,2025-01-02,2025-12-05,7.628,7.476,8.506,8.336,0.526,0.516,0.689,0.485,-17.19,49,0.311,0.497,0.501,0.062,0.558,1.113,0.881,7.649,-4.427,1.254,15.72,12.095,,,,,,,1,99.12,0.18057,45.5,217,1.99,0.727
total_call_all_oi_rank60_norm60,-1,2922,2013-01-02,2024-12-31,79.288,71.585,6.838,6.174,0.576,0.52,0.645,0.21,-29.46,601,0.126,4.777,0.178,0.489,0.517,1.113,1.041,6.663,-8.161,-0.371,18.211,9.575,-0.955,1.907,0.608,0.845,0.72,0.75,12,99.28,0.48511,122.25,2933,9.71,226,2025-01-02,2025-12-05,36.133,35.525,40.29,39.612,2.188,2.151,3.647,6.653,-5.95,50,0.038,38.644,0.054,2.219,0.52,1.587,1.465,8.106,-4.766,1.982,14.501,10.861,,,,,,,1,99.56,0.73048,184.08,226,1.68,4.137
total_call_monthly_oi_dev60_240_norm60,-1,2922,2013-01-02,2024-12-31,88.736,85.426,7.653,7.367,0.668,0.643,0.807,0.255,-28.95,658,0.118,6.056,0.173,0.639,0.528,1.137,1.017,6.437,-6.867,-0.174,11.444,9.124,-0.794,2.453,0.768,1.112,0.691,0.667,12,99.49,0.20788,52.39,2933,3.73,226,2025-01-02,2025-12-05,9.837,9.623,10.968,10.73,0.637,0.623,0.854,0.489,-21.93,176,0.28,3.683,0.423,0.37,0.529,1.131,1.008,7.197,-4.346,0.815,10.219,12.561,,,,,,,1,99.56,0.25366,63.92,226,2.17,0.969
total_put_monthly_volume_chgskew60_norm252,-1,2922,2013-01-02,2024-12-31,69.742,68.757,6.015,5.93,0.557,0.549,0.765,0.267,-22.19,523,0.054,5.328,0.084,0.538,0.52,1.114,1.028,8.458,-4.512,1.071,16.675,7.753,-0.433,2.077,0.535,0.8,0.669,0.833,12,99.08,0.06178,15.57,2933,1.41,226,2025-01-02,2025-12-05,15.105,15.015,16.843,16.742,0.838,0.833,1.029,0.622,-26.92,166,-0.517,29.758,-0.669,0.888,0.531,1.204,1.064,8.544,-8.348,0.268,18.148,16.27,,,,,,,1,100.0,0.10832,27.3,226,0.59,1.517
total_call_monthly_volume_chgskew60_norm252,-1,2922,2013-01-02,2024-12-31,71.843,70.812,6.196,6.107,0.605,0.597,0.832,0.292,-20.9,925,0.12,4.775,0.197,0.581,0.52,1.124,1.037,8.083,-4.408,0.826,13.449,7.341,-0.681,1.783,0.499,0.757,0.658,0.667,12,99.38,0.06386,16.09,2933,1.43,226,2025-01-02,2025-12-05,9.514,9.442,10.608,10.528,0.726,0.72,0.905,0.645,-16.32,133,0.28,3.479,0.498,0.474,0.535,1.135,0.985,3.734,-3.939,-0.695,3.893,11.628,,,,,,,1,100.0,0.08539,21.52,226,0.75,1.206
