cand,variant,mine,ref,diff
us_dxy_broad|selfz|w60,c2c,0.1976,0.1897,0.0079
us_dxy_broad|selfz|w120,c2c,0.3274,0.3213,0.0062
us_dxy_broad|selfz|w252,c2c,0.3168,0.3104,0.0064
us_dxy_broad|robustz|w60,c2c,0.3123,0.3053,0.007
us_dxy_broad|robustz|w120,c2c,0.3346,0.3303,0.0043
us_dxy_broad|robustz|w252,c2c,0.2956,0.2882,0.0074
us_dxy_broad|bdtanh|w60,c2c,0.1366,0.1291,0.0075
us_dxy_broad|bdtanh|w120,c2c,0.2988,0.2922,0.0065
us_dxy_broad|bdtanh|w252,c2c,0.3427,0.3373,0.0054
us_dxy_broad|rankc|w60,c2c,0.1695,0.162,0.0075
us_dxy_broad|rankc|w120,c2c,0.315,0.3084,0.0066
us_dxy_broad|rankc|w252,c2c,0.3885,0.3836,0.0049
us_dxy_broad|signth|w60,c2c,0.1069,0.0999,0.0071
us_dxy_broad|signth|w120,c2c,0.1455,0.1393,0.0062
us_dxy_broad|signth|w252,c2c,0.3634,0.3593,0.0041
us_dxy_broad|dev|w60,c2c,0.1125,0.1046,0.0079
us_dxy_broad|dev|w120,c2c,0.1488,0.1435,0.0053
us_dxy_broad|dev|w252,c2c,0.2196,0.222,-0.0024
us_real_10y|selfz|w60,c2c,0.3155,0.3144,0.0011
us_real_10y|selfz|w120,c2c,0.3422,0.3449,-0.0027
us_real_10y|selfz|w252,c2c,0.3163,0.3223,-0.006
us_real_10y|robustz|w60,c2c,0.1595,0.1568,0.0027
us_real_10y|robustz|w120,c2c,0.2827,0.2834,-0.0007
us_real_10y|robustz|w252,c2c,0.1945,0.2008,-0.0063
us_real_10y|bdtanh|w60,c2c,0.3188,0.3185,0.0003
us_real_10y|bdtanh|w120,c2c,0.365,0.3697,-0.0047
us_real_10y|bdtanh|w252,c2c,0.3094,0.3161,-0.0066
us_real_10y|rankc|w60,c2c,0.2479,0.2454,0.0025
us_real_10y|rankc|w120,c2c,0.3248,0.3277,-0.0029
us_real_10y|rankc|w252,c2c,0.3268,0.3328,-0.006
us_real_10y|signth|w60,c2c,0.3409,0.3383,0.0026
us_real_10y|signth|w120,c2c,0.4269,0.4321,-0.0053
us_real_10y|signth|w252,c2c,0.2397,0.2464,-0.0067
us_real_10y|dev|w60,c2c,0.2285,0.2274,0.0011
us_real_10y|dev|w120,c2c,0.3497,0.3547,-0.005
us_real_10y|dev|w252,c2c,0.3353,0.3421,-0.0068
us_breakeven_10y|selfz|w60,c2c,0.0263,0.0324,-0.0061
us_breakeven_10y|selfz|w120,c2c,-0.0821,-0.0817,-0.0004
us_breakeven_10y|selfz|w252,c2c,-0.0053,-0.0035,-0.0019
us_breakeven_10y|robustz|w60,c2c,0.0021,0.0077,-0.0056
us_breakeven_10y|robustz|w120,c2c,0.0294,0.03,-0.0007
us_breakeven_10y|robustz|w252,c2c,0.0297,0.0273,0.0024
us_breakeven_10y|bdtanh|w60,c2c,0.0725,0.079,-0.0064
us_breakeven_10y|bdtanh|w120,c2c,-0.0484,-0.0478,-0.0006
us_breakeven_10y|bdtanh|w252,c2c,0.0337,0.0364,-0.0027
us_breakeven_10y|rankc|w60,c2c,0.025,0.0311,-0.006
us_breakeven_10y|rankc|w120,c2c,-0.0154,-0.0149,-0.0005
us_breakeven_10y|rankc|w252,c2c,0.0589,0.0611,-0.0022
us_breakeven_10y|signth|w60,c2c,0.1511,0.1575,-0.0064
us_breakeven_10y|signth|w120,c2c,0.1351,0.1358,-0.0007
us_breakeven_10y|signth|w252,c2c,-0.0787,-0.0775,-0.0012
us_breakeven_10y|dev|w60,c2c,0.0068,0.0128,-0.006
us_breakeven_10y|dev|w120,c2c,0.0291,0.0285,0.0006
us_breakeven_10y|dev|w252,c2c,0.0336,0.0354,-0.0018
us_breakeven_5y5y|selfz|w60,c2c,0.0663,0.0738,-0.0075
us_breakeven_5y5y|selfz|w120,c2c,-0.0778,-0.0706,-0.0072
us_breakeven_5y5y|selfz|w252,c2c,-0.0321,-0.0244,-0.0078
us_breakeven_5y5y|robustz|w60,c2c,-0.0508,-0.0424,-0.0084
us_breakeven_5y5y|robustz|w120,c2c,0.003,0.0105,-0.0075
us_breakeven_5y5y|robustz|w252,c2c,-0.0512,-0.0435,-0.0077
us_breakeven_5y5y|bdtanh|w60,c2c,0.136,0.1429,-0.0069
us_breakeven_5y5y|bdtanh|w120,c2c,-0.0733,-0.0667,-0.0066
us_breakeven_5y5y|bdtanh|w252,c2c,-0.0632,-0.056,-0.0072
us_breakeven_5y5y|rankc|w60,c2c,0.0542,0.0613,-0.0071
us_breakeven_5y5y|rankc|w120,c2c,-0.0722,-0.0654,-0.0068
us_breakeven_5y5y|rankc|w252,c2c,-0.0328,-0.0254,-0.0074
us_breakeven_5y5y|signth|w60,c2c,0.2197,0.2263,-0.0065
us_breakeven_5y5y|signth|w120,c2c,-0.0717,-0.0653,-0.0064
us_breakeven_5y5y|signth|w252,c2c,0.0004,-0.0068,0.0072
us_breakeven_5y5y|dev|w60,c2c,0.0214,0.029,-0.0076
us_breakeven_5y5y|dev|w120,c2c,-0.0227,-0.0152,-0.0075
us_breakeven_5y5y|dev|w252,c2c,0.0385,0.0461,-0.0076
us_dgs5|selfz|w60,c2c,0.1395,0.1416,-0.0021
us_dgs5|selfz|w120,c2c,0.239,0.2423,-0.0032
us_dgs5|selfz|w252,c2c,0.231,0.2366,-0.0056
us_dgs5|robustz|w60,c2c,0.0615,0.0618,-0.0003
us_dgs5|robustz|w120,c2c,0.1207,0.1213,-0.0006
us_dgs5|robustz|w252,c2c,0.1742,0.1801,-0.0059
us_dgs5|bdtanh|w60,c2c,0.218,0.2216,-0.0035
us_dgs5|bdtanh|w120,c2c,0.3145,0.3191,-0.0046
us_dgs5|bdtanh|w252,c2c,0.3102,0.3163,-0.0061
us_dgs5|rankc|w60,c2c,0.2038,0.2067,-0.0029
us_dgs5|rankc|w120,c2c,0.3039,0.3084,-0.0045
us_dgs5|rankc|w252,c2c,0.3437,0.3497,-0.006
us_dgs5|signth|w60,c2c,0.235,0.2396,-0.0046
us_dgs5|signth|w120,c2c,0.2389,0.2438,-0.0049
us_dgs5|signth|w252,c2c,0.2017,0.208,-0.0062
us_dgs5|dev|w60,c2c,0.105,0.1061,-0.0011
us_dgs5|dev|w120,c2c,0.2637,0.2679,-0.0042
us_dgs5|dev|w252,c2c,0.2908,0.297,-0.0062
us_dgs30|selfz|w60,c2c,-0.1105,-0.1083,-0.0022
us_dgs30|selfz|w120,c2c,0.0214,0.0255,-0.0041
us_dgs30|selfz|w252,c2c,0.0348,0.0406,-0.0058
us_dgs30|robustz|w60,c2c,-0.1046,-0.1013,-0.0033
us_dgs30|robustz|w120,c2c,0.0013,0.0056,-0.0043
us_dgs30|robustz|w252,c2c,0.101,0.1078,-0.0069
us_dgs30|bdtanh|w60,c2c,-0.1071,-0.1037,-0.0034
us_dgs30|bdtanh|w120,c2c,0.0535,0.0581,-0.0047
us_dgs30|bdtanh|w252,c2c,0.0387,0.0442,-0.0054
us_dgs30|rankc|w60,c2c,-0.1321,-0.1302,-0.0018
us_dgs30|rankc|w120,c2c,0.061,0.0651,-0.0042
us_dgs30|rankc|w252,c2c,0.0806,0.0859,-0.0053
us_dgs30|signth|w60,c2c,-0.0815,-0.0771,-0.0043
us_dgs30|signth|w120,c2c,0.0536,0.0581,-0.0045
us_dgs30|signth|w252,c2c,0.1363,0.1411,-0.0047
us_dgs30|dev|w60,c2c,-0.0573,-0.0533,-0.004
us_dgs30|dev|w120,c2c,0.1158,0.1208,-0.005
us_dgs30|dev|w252,c2c,0.176,0.1824,-0.0065
us_term_premium_10y|selfz|w60,c2c,0.1074,0.1118,-0.0044
us_term_premium_10y|selfz|w120,c2c,0.2192,0.223,-0.0038
us_term_premium_10y|selfz|w252,c2c,0.2613,0.266,-0.0047
us_term_premium_10y|robustz|w60,c2c,0.0962,0.0998,-0.0036
us_term_premium_10y|robustz|w120,c2c,0.2009,0.2026,-0.0016
us_term_premium_10y|robustz|w252,c2c,0.2489,0.2534,-0.0046
us_term_premium_10y|bdtanh|w60,c2c,0.1413,0.1459,-0.0045
us_term_premium_10y|bdtanh|w120,c2c,0.2518,0.2561,-0.0043
us_term_premium_10y|bdtanh|w252,c2c,0.2377,0.2426,-0.0049
us_term_premium_10y|rankc|w60,c2c,0.1176,0.1231,-0.0055
us_term_premium_10y|rankc|w120,c2c,0.2097,0.2148,-0.0051
us_term_premium_10y|rankc|w252,c2c,0.2849,0.2902,-0.0053
us_term_premium_10y|signth|w60,c2c,0.1573,0.1615,-0.0041
us_term_premium_10y|signth|w120,c2c,0.2328,0.2369,-0.0041
us_term_premium_10y|signth|w252,c2c,0.1593,0.1638,-0.0045
us_term_premium_10y|dev|w60,c2c,0.0076,0.0117,-0.004
us_term_premium_10y|dev|w120,c2c,0.1314,0.1361,-0.0048
us_term_premium_10y|dev|w252,c2c,0.2226,0.229,-0.0064
twd_usd|selfz|w60,c2c,0.1595,0.1529,0.0065
twd_usd|selfz|w120,c2c,0.16,0.1537,0.0063
twd_usd|selfz|w252,c2c,0.0823,0.0812,0.0011
twd_usd|robustz|w60,c2c,0.2032,0.1956,0.0076
twd_usd|robustz|w120,c2c,0.1158,0.1088,0.007
twd_usd|robustz|w252,c2c,0.0207,0.0194,0.0013
twd_usd|bdtanh|w60,c2c,0.0795,0.0731,0.0064
twd_usd|bdtanh|w120,c2c,0.125,0.1187,0.0063
twd_usd|bdtanh|w252,c2c,0.156,0.1539,0.0021
twd_usd|rankc|w60,c2c,0.1186,0.1122,0.0063
twd_usd|rankc|w120,c2c,0.1457,0.1394,0.0063
twd_usd|rankc|w252,c2c,0.0607,0.0594,0.0013
twd_usd|signth|w60,c2c,0.1204,0.1141,0.0063
twd_usd|signth|w120,c2c,0.1002,0.0953,0.0049
twd_usd|signth|w252,c2c,0.0651,0.0677,-0.0026
twd_usd|dev|w60,c2c,0.097,0.0901,0.0069
twd_usd|dev|w120,c2c,0.1064,0.1006,0.0059
twd_usd|dev|w252,c2c,0.066,0.0657,0.0003
krw_usd|selfz|w60,c2c,-0.0307,-0.0243,-0.0065
krw_usd|selfz|w120,c2c,-0.0352,-0.0283,-0.0069
krw_usd|selfz|w252,c2c,0.0083,0.0153,-0.007
krw_usd|robustz|w60,c2c,-0.04,-0.033,-0.007
krw_usd|robustz|w120,c2c,0.0585,0.0659,-0.0074
krw_usd|robustz|w252,c2c,0.0645,0.0715,-0.007
krw_usd|bdtanh|w60,c2c,0.0026,0.009,-0.0064
krw_usd|bdtanh|w120,c2c,0.0094,0.0161,-0.0068
krw_usd|bdtanh|w252,c2c,-0.0649,-0.0579,-0.007
krw_usd|rankc|w60,c2c,-0.0372,-0.0307,-0.0065
krw_usd|rankc|w120,c2c,-0.0137,-0.007,-0.0067
krw_usd|rankc|w252,c2c,-0.0424,-0.0354,-0.007
krw_usd|signth|w60,c2c,0.0259,0.0322,-0.0063
krw_usd|signth|w120,c2c,0.1382,0.145,-0.0068
krw_usd|signth|w252,c2c,0.0782,0.0855,-0.0072
krw_usd|dev|w60,c2c,-0.0371,-0.0304,-0.0067
krw_usd|dev|w120,c2c,0.0257,0.0324,-0.0067
krw_usd|dev|w252,c2c,0.1111,0.1177,-0.0066
cny_usd|selfz|w60,c2c,-0.0658,-0.0615,-0.0042
cny_usd|selfz|w120,c2c,-0.1051,-0.1051,-0.0
cny_usd|selfz|w252,c2c,-0.1869,-0.1902,0.0033
cny_usd|robustz|w60,c2c,0.0254,0.0194,0.006
cny_usd|robustz|w120,c2c,0.1611,0.1664,-0.0053
cny_usd|robustz|w252,c2c,-0.2154,-0.2217,0.0063
cny_usd|bdtanh|w60,c2c,0.0021,-0.0016,0.0038
cny_usd|bdtanh|w120,c2c,0.0828,0.0804,0.0024
cny_usd|bdtanh|w252,c2c,0.1767,0.1768,-0.0001
cny_usd|rankc|w60,c2c,0.0151,0.0107,0.0044
cny_usd|rankc|w120,c2c,0.0997,0.0952,0.0044
cny_usd|rankc|w252,c2c,0.1908,0.1866,0.0042
cny_usd|signth|w60,c2c,0.016,0.0139,0.0021
cny_usd|signth|w120,c2c,0.1322,0.1322,0.0
cny_usd|signth|w252,c2c,-0.2606,-0.2591,-0.0014
cny_usd|dev|w60,c2c,-0.0096,-0.011,0.0014
cny_usd|dev|w120,c2c,-0.1097,-0.113,0.0032
cny_usd|dev|w252,c2c,-0.1268,-0.1238,-0.003
wti|selfz|w60,c2c,0.0179,0.0164,0.0015
wti|selfz|w120,c2c,-0.0122,-0.0154,0.0032
wti|selfz|w252,c2c,0.0836,0.0844,-0.0007
wti|robustz|w60,c2c,0.1517,0.1531,-0.0013
wti|robustz|w120,c2c,-0.0199,-0.0173,-0.0026
wti|robustz|w252,c2c,0.0205,0.0219,-0.0014
wti|bdtanh|w60,c2c,0.0266,0.0236,0.0029
wti|bdtanh|w120,c2c,0.0576,0.0538,0.0038
wti|bdtanh|w252,c2c,0.0979,0.1016,-0.0036
wti|rankc|w60,c2c,0.0003,-0.0017,0.0021
wti|rankc|w120,c2c,-0.0539,-0.0506,-0.0034
wti|rankc|w252,c2c,0.0863,0.089,-0.0027
wti|signth|w60,c2c,0.0404,0.0388,0.0016
wti|signth|w120,c2c,-0.0561,-0.0511,-0.005
wti|signth|w252,c2c,0.1743,0.1799,-0.0056
wti|dev|w60,c2c,-0.0445,-0.0446,0.0001
wti|dev|w120,c2c,0.0449,0.0406,0.0043
wti|dev|w252,c2c,0.1075,0.1081,-0.0006
us_dxy_broad|selfz|w60,day,-0.0692,-0.0599,-0.0093
us_dxy_broad|selfz|w120,day,0.124,0.1185,0.0056
us_dxy_broad|selfz|w252,day,-0.1128,-0.108,-0.0048
us_dxy_broad|robustz|w60,day,0.0598,0.0515,0.0083
us_dxy_broad|robustz|w120,day,0.1802,0.1777,0.0025
us_dxy_broad|robustz|w252,day,-0.0846,-0.0766,-0.008
us_dxy_broad|bdtanh|w60,day,0.0125,0.0223,-0.0098
us_dxy_broad|bdtanh|w120,day,-0.1525,-0.1449,-0.0076
us_dxy_broad|bdtanh|w252,day,-0.1044,-0.0988,-0.0055
us_dxy_broad|rankc|w60,day,-0.0079,0.0019,-0.0099
us_dxy_broad|rankc|w120,day,-0.1155,-0.1089,-0.0065
us_dxy_broad|rankc|w252,day,-0.1224,-0.1184,-0.004
us_dxy_broad|signth|w60,day,-0.0125,-0.0029,-0.0097
us_dxy_broad|signth|w120,day,-0.0394,-0.0311,-0.0084
us_dxy_broad|signth|w252,day,-0.1047,-0.099,-0.0056
us_dxy_broad|dev|w60,day,-0.0043,0.0052,-0.0095
us_dxy_broad|dev|w120,day,-0.0323,-0.0281,-0.0042
us_dxy_broad|dev|w252,day,-0.0949,-0.1005,0.0056
us_real_10y|selfz|w60,day,0.2514,0.256,-0.0046
us_real_10y|selfz|w120,day,0.3055,0.3115,-0.006
us_real_10y|selfz|w252,day,0.1748,0.1837,-0.0089
us_real_10y|robustz|w60,day,0.1994,0.1989,0.0005
us_real_10y|robustz|w120,day,0.332,0.3343,-0.0023
us_real_10y|robustz|w252,day,-0.0841,-0.0931,0.009
us_real_10y|bdtanh|w60,day,0.2369,0.243,-0.0061
us_real_10y|bdtanh|w120,day,0.3173,0.3245,-0.0072
us_real_10y|bdtanh|w252,day,0.1687,0.1777,-0.009
us_real_10y|rankc|w60,day,0.2099,0.2155,-0.0056
us_real_10y|rankc|w120,day,0.3205,0.3278,-0.0073
us_real_10y|rankc|w252,day,0.2004,0.2092,-0.0087
us_real_10y|signth|w60,day,0.2599,0.2667,-0.0067
us_real_10y|signth|w120,day,0.3502,0.3572,-0.007
us_real_10y|signth|w252,day,0.1978,0.2067,-0.009
us_real_10y|dev|w60,day,0.1813,0.1859,-0.0046
us_real_10y|dev|w120,day,0.2518,0.2603,-0.0085
us_real_10y|dev|w252,day,0.1624,0.1719,-0.0095
us_breakeven_10y|selfz|w60,day,0.0575,0.0643,-0.0068
us_breakeven_10y|selfz|w120,day,0.0231,0.0217,0.0014
us_breakeven_10y|selfz|w252,day,0.0648,0.0648,0.0
us_breakeven_10y|robustz|w60,day,0.0177,0.0237,-0.006
us_breakeven_10y|robustz|w120,day,0.0971,0.0961,0.001
us_breakeven_10y|robustz|w252,day,-0.0103,-0.0093,-0.001
us_breakeven_10y|bdtanh|w60,day,0.0914,0.0994,-0.008
us_breakeven_10y|bdtanh|w120,day,0.0118,0.0094,0.0024
us_breakeven_10y|bdtanh|w252,day,0.0799,0.0795,0.0004
us_breakeven_10y|rankc|w60,day,0.0504,0.0573,-0.0069
us_breakeven_10y|rankc|w120,day,0.0602,0.0588,0.0015
us_breakeven_10y|rankc|w252,day,0.0583,0.0594,-0.0011
us_breakeven_10y|signth|w60,day,0.1528,0.1613,-0.0085
us_breakeven_10y|signth|w120,day,0.0532,0.0541,-0.001
us_breakeven_10y|signth|w252,day,0.0265,0.0281,-0.0016
us_breakeven_10y|dev|w60,day,0.0637,0.0703,-0.0066
us_breakeven_10y|dev|w120,day,0.0075,0.0058,0.0017
us_breakeven_10y|dev|w252,day,0.1163,0.1161,0.0002
us_breakeven_5y5y|selfz|w60,day,0.228,0.2369,-0.0088
us_breakeven_5y5y|selfz|w120,day,0.1739,0.1831,-0.0092
us_breakeven_5y5y|selfz|w252,day,0.1604,0.1707,-0.0103
us_breakeven_5y5y|robustz|w60,day,0.145,0.1558,-0.0108
us_breakeven_5y5y|robustz|w120,day,0.1728,0.1824,-0.0096
us_breakeven_5y5y|robustz|w252,day,0.1136,0.1237,-0.0101
us_breakeven_5y5y|bdtanh|w60,day,0.2877,0.2968,-0.0091
us_breakeven_5y5y|bdtanh|w120,day,0.2496,0.2586,-0.009
us_breakeven_5y5y|bdtanh|w252,day,0.2434,0.2532,-0.0098
us_breakeven_5y5y|rankc|w60,day,0.261,0.2697,-0.0087
us_breakeven_5y5y|rankc|w120,day,0.2806,0.2897,-0.0091
us_breakeven_5y5y|rankc|w252,day,0.2292,0.2388,-0.0096
us_breakeven_5y5y|signth|w60,day,0.2904,0.2991,-0.0087
us_breakeven_5y5y|signth|w120,day,0.1693,0.178,-0.0087
us_breakeven_5y5y|signth|w252,day,0.094,0.1035,-0.0095
us_breakeven_5y5y|dev|w60,day,0.1562,0.1653,-0.0091
us_breakeven_5y5y|dev|w120,day,0.1893,0.1989,-0.0096
us_breakeven_5y5y|dev|w252,day,0.2223,0.2323,-0.01
us_dgs5|selfz|w60,day,0.028,0.0355,-0.0075
us_dgs5|selfz|w120,day,0.2486,0.2549,-0.0062
us_dgs5|selfz|w252,day,0.1941,0.2023,-0.0082
us_dgs5|robustz|w60,day,-0.0124,-0.0077,-0.0047
us_dgs5|robustz|w120,day,0.2222,0.2248,-0.0026
us_dgs5|robustz|w252,day,0.1409,0.1492,-0.0083
us_dgs5|bdtanh|w60,day,0.0193,0.0258,-0.0065
us_dgs5|bdtanh|w120,day,0.2883,0.2949,-0.0066
us_dgs5|bdtanh|w252,day,0.2859,0.2941,-0.0082
us_dgs5|rankc|w60,day,0.0027,0.0097,-0.007
us_dgs5|rankc|w120,day,0.1828,0.1898,-0.007
us_dgs5|rankc|w252,day,0.2448,0.2531,-0.0083
us_dgs5|signth|w60,day,0.0745,0.0801,-0.0056
us_dgs5|signth|w120,day,0.2895,0.2958,-0.0062
us_dgs5|signth|w252,day,0.3165,0.3248,-0.0083
us_dgs5|dev|w60,day,0.0752,0.0814,-0.0062
us_dgs5|dev|w120,day,0.2998,0.3071,-0.0074
us_dgs5|dev|w252,day,0.1918,0.2004,-0.0086
us_dgs30|selfz|w60,day,-0.0908,-0.0949,0.0041
us_dgs30|selfz|w120,day,0.2027,0.2091,-0.0063
us_dgs30|selfz|w252,day,0.1633,0.1714,-0.0081
us_dgs30|robustz|w60,day,-0.0818,-0.0874,0.0056
us_dgs30|robustz|w120,day,0.2149,0.2213,-0.0065
us_dgs30|robustz|w252,day,0.2398,0.2492,-0.0095
us_dgs30|bdtanh|w60,day,-0.0344,-0.0396,0.0052
us_dgs30|bdtanh|w120,day,0.2165,0.2228,-0.0063
us_dgs30|bdtanh|w252,day,0.2041,0.2114,-0.0073
us_dgs30|rankc|w60,day,-0.0876,-0.0915,0.0039
us_dgs30|rankc|w120,day,0.2044,0.2104,-0.006
us_dgs30|rankc|w252,day,0.2416,0.2489,-0.0073
us_dgs30|signth|w60,day,0.073,0.0675,0.0055
us_dgs30|signth|w120,day,0.207,0.2128,-0.0058
us_dgs30|signth|w252,day,0.2281,0.2342,-0.0061
us_dgs30|dev|w60,day,-0.1115,-0.118,0.0064
us_dgs30|dev|w120,day,0.2419,0.2491,-0.0073
us_dgs30|dev|w252,day,0.2152,0.224,-0.0088
us_term_premium_10y|selfz|w60,day,-0.0062,-0.0009,-0.0053
us_term_premium_10y|selfz|w120,day,0.1478,0.1526,-0.0048
us_term_premium_10y|selfz|w252,day,0.1488,0.1548,-0.006
us_term_premium_10y|robustz|w60,day,-0.0245,-0.0289,0.0044
us_term_premium_10y|robustz|w120,day,0.1882,0.1903,-0.002
us_term_premium_10y|robustz|w252,day,0.2202,0.226,-0.0058
us_term_premium_10y|bdtanh|w60,day,-0.0143,-0.0198,0.0056
us_term_premium_10y|bdtanh|w120,day,0.1665,0.1719,-0.0054
us_term_premium_10y|bdtanh|w252,day,0.1596,0.166,-0.0063
us_term_premium_10y|rankc|w60,day,-0.0367,-0.0436,0.0069
us_term_premium_10y|rankc|w120,day,0.1089,0.1154,-0.0065
us_term_premium_10y|rankc|w252,day,0.1743,0.1812,-0.0069
us_term_premium_10y|signth|w60,day,-0.0072,-0.0021,-0.0052
us_term_premium_10y|signth|w120,day,0.1093,0.1144,-0.0051
us_term_premium_10y|signth|w252,day,0.1223,0.1279,-0.0057
us_term_premium_10y|dev|w60,day,-0.0099,-0.0148,0.005
us_term_premium_10y|dev|w120,day,0.1057,0.1116,-0.0059
us_term_premium_10y|dev|w252,day,0.1559,0.1642,-0.0083
twd_usd|selfz|w60,day,-0.0837,-0.0753,-0.0084
twd_usd|selfz|w120,day,-0.0811,-0.0728,-0.0083
twd_usd|selfz|w252,day,0.0612,0.0616,-0.0004
twd_usd|robustz|w60,day,0.1128,0.1028,0.01
twd_usd|robustz|w120,day,-0.0068,0.0025,-0.0093
twd_usd|robustz|w252,day,0.0323,0.0313,0.0009
twd_usd|bdtanh|w60,day,-0.003,0.005,-0.008
twd_usd|bdtanh|w120,day,-0.0426,-0.0344,-0.0082
twd_usd|bdtanh|w252,day,0.1044,0.1035,0.0009
twd_usd|rankc|w60,day,-0.0716,-0.0635,-0.0081
twd_usd|rankc|w120,day,-0.0682,-0.0599,-0.0082
twd_usd|rankc|w252,day,0.0571,0.0582,-0.0011
twd_usd|signth|w60,day,-0.0325,-0.0246,-0.0079
twd_usd|signth|w120,day,0.011,0.0191,-0.0081
twd_usd|signth|w252,day,0.0287,0.032,-0.0033
twd_usd|dev|w60,day,-0.0409,-0.0322,-0.0087
twd_usd|dev|w120,day,-0.0597,-0.0519,-0.0079
twd_usd|dev|w252,day,0.0925,0.0931,-0.0007
krw_usd|selfz|w60,day,-0.1173,-0.1256,0.0083
krw_usd|selfz|w120,day,0.0073,0.0161,-0.0088
krw_usd|selfz|w252,day,0.0546,0.0637,-0.0091
krw_usd|robustz|w60,day,0.0666,0.0756,-0.009
krw_usd|robustz|w120,day,0.0862,0.0957,-0.0095
krw_usd|robustz|w252,day,0.0092,0.0184,-0.0092
krw_usd|bdtanh|w60,day,-0.1229,-0.1311,0.0082
krw_usd|bdtanh|w120,day,0.0487,0.0574,-0.0087
krw_usd|bdtanh|w252,day,0.072,0.0812,-0.0092
krw_usd|rankc|w60,day,0.0408,0.0491,-0.0082
krw_usd|rankc|w120,day,0.0492,0.0579,-0.0087
krw_usd|rankc|w252,day,0.081,0.0902,-0.0092
krw_usd|signth|w60,day,-0.1326,-0.1406,0.008
krw_usd|signth|w120,day,0.2415,0.2501,-0.0086
krw_usd|signth|w252,day,0.0517,0.0608,-0.0091
krw_usd|dev|w60,day,0.0196,0.0281,-0.0085
krw_usd|dev|w120,day,0.1358,0.1444,-0.0087
krw_usd|dev|w252,day,0.2048,0.2135,-0.0087
cny_usd|selfz|w60,day,0.2814,0.2829,-0.0015
cny_usd|selfz|w120,day,0.1886,0.1857,0.0029
cny_usd|selfz|w252,day,0.0623,0.0571,0.0052
cny_usd|robustz|w60,day,0.1515,0.1569,-0.0053
cny_usd|robustz|w120,day,-0.0278,-0.0351,0.0073
cny_usd|robustz|w252,day,0.0948,0.0866,0.0081
cny_usd|bdtanh|w60,day,0.2647,0.2685,-0.0038
cny_usd|bdtanh|w120,day,0.1831,0.1835,-0.0003
cny_usd|bdtanh|w252,day,0.0301,0.0289,0.0012
cny_usd|rankc|w60,day,0.2698,0.2706,-0.0008
cny_usd|rankc|w120,day,0.2093,0.2102,-0.0008
cny_usd|rankc|w252,day,0.0956,0.099,-0.0034
cny_usd|signth|w60,day,0.3567,0.3593,-0.0027
cny_usd|signth|w120,day,0.2051,0.2051,0.0
cny_usd|signth|w252,day,0.0299,0.0317,-0.0018
cny_usd|dev|w60,day,0.1907,0.1868,0.0039
cny_usd|dev|w120,day,0.1382,0.1329,0.0054
cny_usd|dev|w252,day,0.0892,0.0923,-0.0031
wti|selfz|w60,day,0.0209,0.0231,-0.0021
wti|selfz|w120,day,0.1791,0.1751,0.004
wti|selfz|w252,day,0.2556,0.2565,-0.0009
wti|robustz|w60,day,0.0042,0.0059,-0.0017
wti|robustz|w120,day,0.1059,0.1025,0.0033
wti|robustz|w252,day,0.2424,0.244,-0.0016
wti|bdtanh|w60,day,0.055,0.0591,-0.0041
wti|bdtanh|w120,day,0.2427,0.238,0.0048
wti|bdtanh|w252,day,0.247,0.2517,-0.0047
wti|rankc|w60,day,0.0646,0.0675,-0.003
wti|rankc|w120,day,0.2122,0.2081,0.0041
wti|rankc|w252,day,0.2355,0.2391,-0.0035
wti|signth|w60,day,0.1096,0.1116,-0.002
wti|signth|w120,day,0.2203,0.2141,0.0062
wti|signth|w252,day,0.3263,0.3335,-0.0071
wti|dev|w60,day,0.0659,0.0659,-0.0
wti|dev|w120,day,0.2185,0.213,0.0055
wti|dev|w252,day,0.2741,0.2749,-0.0008
us_dxy_broad|selfz|w60,o2o,0.2063,0.2095,-0.0033
us_dxy_broad|selfz|w120,o2o,0.3624,0.3556,0.0067
us_dxy_broad|selfz|w252,o2o,0.3401,0.3281,0.012
us_dxy_broad|robustz|w60,o2o,0.3182,0.3179,0.0003
us_dxy_broad|robustz|w120,o2o,0.3608,0.3532,0.0076
us_dxy_broad|robustz|w252,o2o,0.3022,0.2912,0.0111
us_dxy_broad|bdtanh|w60,o2o,0.1371,0.1416,-0.0045
us_dxy_broad|bdtanh|w120,o2o,0.339,0.3304,0.0086
us_dxy_broad|bdtanh|w252,o2o,0.3506,0.3403,0.0104
us_dxy_broad|rankc|w60,o2o,0.1544,0.1619,-0.0074
us_dxy_broad|rankc|w120,o2o,0.3107,0.3029,0.0078
us_dxy_broad|rankc|w252,o2o,0.3723,0.3612,0.0111
us_dxy_broad|signth|w60,o2o,0.0965,0.1029,-0.0065
us_dxy_broad|signth|w120,o2o,0.1479,0.1401,0.0077
us_dxy_broad|signth|w252,o2o,0.3277,0.3286,-0.0008
us_dxy_broad|dev|w60,o2o,0.1193,0.1222,-0.0029
us_dxy_broad|dev|w120,o2o,0.1701,0.1637,0.0065
us_dxy_broad|dev|w252,o2o,0.2355,0.2355,0.0
us_real_10y|selfz|w60,o2o,0.2987,0.2914,0.0073
us_real_10y|selfz|w120,o2o,0.3358,0.3311,0.0047
us_real_10y|selfz|w252,o2o,0.3305,0.3203,0.0102
us_real_10y|robustz|w60,o2o,0.1576,0.1518,0.0058
us_real_10y|robustz|w120,o2o,0.2947,0.2953,-0.0006
us_real_10y|robustz|w252,o2o,0.2064,0.193,0.0133
us_real_10y|bdtanh|w60,o2o,0.311,0.3025,0.0085
us_real_10y|bdtanh|w120,o2o,0.3879,0.38,0.0079
us_real_10y|bdtanh|w252,o2o,0.3433,0.3243,0.019
us_real_10y|rankc|w60,o2o,0.2586,0.2479,0.0107
us_real_10y|rankc|w120,o2o,0.3764,0.368,0.0083
us_real_10y|rankc|w252,o2o,0.3864,0.367,0.0194
us_real_10y|signth|w60,o2o,0.3375,0.3251,0.0124
us_real_10y|signth|w120,o2o,0.4343,0.4182,0.0161
us_real_10y|signth|w252,o2o,0.3243,0.3019,0.0224
us_real_10y|dev|w60,o2o,0.1971,0.1892,0.0079
us_real_10y|dev|w120,o2o,0.3385,0.3334,0.0051
us_real_10y|dev|w252,o2o,0.3385,0.3285,0.01
us_breakeven_10y|selfz|w60,o2o,-0.0122,-0.0009,-0.0113
us_breakeven_10y|selfz|w120,o2o,0.0841,0.0686,0.0155
us_breakeven_10y|selfz|w252,o2o,-0.0479,-0.0315,-0.0163
us_breakeven_10y|robustz|w60,o2o,-0.0709,-0.0605,-0.0104
us_breakeven_10y|robustz|w120,o2o,-0.033,-0.0262,-0.0068
us_breakeven_10y|robustz|w252,o2o,0.0765,0.068,0.0084
us_breakeven_10y|bdtanh|w60,o2o,0.034,0.0472,-0.0131
us_breakeven_10y|bdtanh|w120,o2o,0.0703,0.0501,0.0203
us_breakeven_10y|bdtanh|w252,o2o,-0.0223,-0.0022,-0.02
us_breakeven_10y|rankc|w60,o2o,-0.0103,0.0014,-0.0117
us_breakeven_10y|rankc|w120,o2o,-0.0679,-0.0492,-0.0187
us_breakeven_10y|rankc|w252,o2o,0.0036,0.024,-0.0204
us_breakeven_10y|signth|w60,o2o,0.1141,0.1252,-0.0111
us_breakeven_10y|signth|w120,o2o,0.0042,0.0311,-0.027
us_breakeven_10y|signth|w252,o2o,0.0344,-0.0597,0.094
us_breakeven_10y|dev|w60,o2o,-0.0098,-0.0034,-0.0064
us_breakeven_10y|dev|w120,o2o,0.0714,0.058,0.0135
us_breakeven_10y|dev|w252,o2o,-0.0209,-0.0045,-0.0164
us_breakeven_5y5y|selfz|w60,o2o,0.0736,0.0806,-0.0069
us_breakeven_5y5y|selfz|w120,o2o,-0.0789,-0.0678,-0.0111
us_breakeven_5y5y|selfz|w252,o2o,-0.01,0.0052,-0.0152
us_breakeven_5y5y|robustz|w60,o2o,-0.0467,-0.0448,-0.0019
us_breakeven_5y5y|robustz|w120,o2o,-0.0056,0.0059,-0.0115
us_breakeven_5y5y|robustz|w252,o2o,-0.0045,0.0043,-0.0088
us_breakeven_5y5y|bdtanh|w60,o2o,0.1401,0.1466,-0.0065
us_breakeven_5y5y|bdtanh|w120,o2o,-0.0656,-0.0526,-0.013
us_breakeven_5y5y|bdtanh|w252,o2o,-0.0031,0.0078,-0.0109
us_breakeven_5y5y|rankc|w60,o2o,0.0814,0.0871,-0.0057
us_breakeven_5y5y|rankc|w120,o2o,-0.0542,-0.0415,-0.0128
us_breakeven_5y5y|rankc|w252,o2o,0.0254,0.0371,-0.0117
us_breakeven_5y5y|signth|w60,o2o,0.1971,0.2145,-0.0174
us_breakeven_5y5y|signth|w120,o2o,-0.0765,-0.0672,-0.0093
us_breakeven_5y5y|signth|w252,o2o,-0.0058,-0.0013,-0.0045
us_breakeven_5y5y|dev|w60,o2o,0.027,0.0342,-0.0072
us_breakeven_5y5y|dev|w120,o2o,-0.0201,-0.0073,-0.0128
us_breakeven_5y5y|dev|w252,o2o,0.0692,0.0815,-0.0123
us_dgs5|selfz|w60,o2o,-0.005,0.0092,-0.0142
us_dgs5|selfz|w120,o2o,0.1462,0.1657,-0.0194
us_dgs5|selfz|w252,o2o,0.1682,0.1822,-0.0141
us_dgs5|robustz|w60,o2o,-0.0937,-0.0778,-0.0159
us_dgs5|robustz|w120,o2o,0.0276,0.0436,-0.016
us_dgs5|robustz|w252,o2o,0.1273,0.1364,-0.0091
us_dgs5|bdtanh|w60,o2o,0.0267,0.0385,-0.0117
us_dgs5|bdtanh|w120,o2o,0.2092,0.2268,-0.0176
us_dgs5|bdtanh|w252,o2o,0.2462,0.2572,-0.011
us_dgs5|rankc|w60,o2o,0.0083,0.0174,-0.0091
us_dgs5|rankc|w120,o2o,0.148,0.1629,-0.015
us_dgs5|rankc|w252,o2o,0.2249,0.2378,-0.013
us_dgs5|signth|w60,o2o,0.0364,0.0505,-0.014
us_dgs5|signth|w120,o2o,0.2237,0.2386,-0.015
us_dgs5|signth|w252,o2o,0.2229,0.2282,-0.0053
us_dgs5|dev|w60,o2o,-0.0063,0.0072,-0.0135
us_dgs5|dev|w120,o2o,0.2055,0.2201,-0.0147
us_dgs5|dev|w252,o2o,0.2486,0.2558,-0.0072
us_dgs30|selfz|w60,o2o,0.0563,0.0557,0.0006
us_dgs30|selfz|w120,o2o,0.0071,0.017,-0.0099
us_dgs30|selfz|w252,o2o,0.0323,0.0335,-0.0013
us_dgs30|robustz|w60,o2o,0.0557,0.0577,-0.002
us_dgs30|robustz|w120,o2o,-0.0193,-0.007,-0.0123
us_dgs30|robustz|w252,o2o,0.1078,0.0994,0.0083
us_dgs30|bdtanh|w60,o2o,0.117,0.1122,0.0048
us_dgs30|bdtanh|w120,o2o,0.0299,0.0389,-0.009
us_dgs30|bdtanh|w252,o2o,0.0321,0.0339,-0.0019
us_dgs30|rankc|w60,o2o,0.0844,0.0815,0.003
us_dgs30|rankc|w120,o2o,0.0188,0.0275,-0.0087
us_dgs30|rankc|w252,o2o,0.0756,0.0775,-0.0019
us_dgs30|signth|w60,o2o,0.1958,0.1935,0.0023
us_dgs30|signth|w120,o2o,0.0224,0.0283,-0.0059
us_dgs30|signth|w252,o2o,0.1137,0.1074,0.0063
us_dgs30|dev|w60,o2o,0.0112,0.0086,0.0026
us_dgs30|dev|w120,o2o,0.1026,0.1099,-0.0073
us_dgs30|dev|w252,o2o,0.1785,0.1741,0.0045
us_term_premium_10y|selfz|w60,o2o,-0.0017,0.0032,-0.0049
us_term_premium_10y|selfz|w120,o2o,0.1533,0.1684,-0.0151
us_term_premium_10y|selfz|w252,o2o,0.2396,0.2421,-0.0025
us_term_premium_10y|robustz|w60,o2o,-0.0022,0.0072,-0.0093
us_term_premium_10y|robustz|w120,o2o,0.1174,0.1304,-0.013
us_term_premium_10y|robustz|w252,o2o,0.2383,0.2305,0.0078
us_term_premium_10y|bdtanh|w60,o2o,-0.0223,-0.0184,-0.0039
us_term_premium_10y|bdtanh|w120,o2o,0.1735,0.1874,-0.0139
us_term_premium_10y|bdtanh|w252,o2o,0.2222,0.2288,-0.0066
us_term_premium_10y|rankc|w60,o2o,-0.0183,-0.0163,-0.002
us_term_premium_10y|rankc|w120,o2o,0.1319,0.1415,-0.0096
us_term_premium_10y|rankc|w252,o2o,0.2486,0.2556,-0.007
us_term_premium_10y|signth|w60,o2o,0.0033,0.0058,-0.0025
us_term_premium_10y|signth|w120,o2o,0.0805,0.091,-0.0105
us_term_premium_10y|signth|w252,o2o,0.13,0.1313,-0.0013
us_term_premium_10y|dev|w60,o2o,-0.0837,-0.0787,-0.005
us_term_premium_10y|dev|w120,o2o,0.0992,0.0998,-0.0006
us_term_premium_10y|dev|w252,o2o,0.2279,0.219,0.009
twd_usd|selfz|w60,o2o,0.1384,0.1345,0.0039
twd_usd|selfz|w120,o2o,0.1191,0.1251,-0.006
twd_usd|selfz|w252,o2o,0.0625,0.0594,0.0031
twd_usd|robustz|w60,o2o,0.1832,0.1833,-0.0
twd_usd|robustz|w120,o2o,0.069,0.077,-0.0081
twd_usd|robustz|w252,o2o,0.0229,0.0145,0.0084
twd_usd|bdtanh|w60,o2o,0.0604,0.0507,0.0097
twd_usd|bdtanh|w120,o2o,0.0818,0.0837,-0.0019
twd_usd|bdtanh|w252,o2o,0.1241,0.1222,0.002
twd_usd|rankc|w60,o2o,0.1004,0.0906,0.0098
twd_usd|rankc|w120,o2o,0.0998,0.0986,0.0012
twd_usd|rankc|w252,o2o,0.0516,0.0555,-0.0038
twd_usd|signth|w60,o2o,0.0787,0.0671,0.0116
twd_usd|signth|w120,o2o,0.0458,0.0376,0.0082
twd_usd|signth|w252,o2o,0.0164,0.0179,-0.0016
twd_usd|dev|w60,o2o,0.0507,0.053,-0.0023
twd_usd|dev|w120,o2o,0.0771,0.0803,-0.0033
twd_usd|dev|w252,o2o,0.0572,0.0587,-0.0014
krw_usd|selfz|w60,o2o,0.011,0.0234,-0.0124
krw_usd|selfz|w120,o2o,-0.0264,-0.0128,-0.0137
krw_usd|selfz|w252,o2o,0.0027,0.0137,-0.011
krw_usd|robustz|w60,o2o,0.009,0.0237,-0.0147
krw_usd|robustz|w120,o2o,0.0752,0.081,-0.0058
krw_usd|robustz|w252,o2o,0.0562,0.0594,-0.0032
krw_usd|bdtanh|w60,o2o,0.0277,0.0372,-0.0096
krw_usd|bdtanh|w120,o2o,0.0115,0.0259,-0.0143
krw_usd|bdtanh|w252,o2o,-0.0594,-0.046,-0.0134
krw_usd|rankc|w60,o2o,0.0007,0.0132,-0.0125
krw_usd|rankc|w120,o2o,0.0006,0.0137,-0.013
krw_usd|rankc|w252,o2o,-0.0299,-0.0183,-0.0116
krw_usd|signth|w60,o2o,0.0713,0.0777,-0.0065
krw_usd|signth|w120,o2o,0.1968,0.2127,-0.0159
krw_usd|signth|w252,o2o,0.0471,0.0526,-0.0055
krw_usd|dev|w60,o2o,0.0058,0.0159,-0.0101
krw_usd|dev|w120,o2o,0.0374,0.0541,-0.0167
krw_usd|dev|w252,o2o,0.1072,0.13,-0.0228
cny_usd|selfz|w60,o2o,-0.0031,0.0229,-0.026
cny_usd|selfz|w120,o2o,-0.0962,-0.0639,-0.0323
cny_usd|selfz|w252,o2o,-0.2267,-0.1893,-0.0374
cny_usd|robustz|w60,o2o,-0.0267,-0.048,0.0213
cny_usd|robustz|w120,o2o,0.1846,0.1623,0.0222
cny_usd|robustz|w252,o2o,-0.2302,-0.1985,-0.0318
cny_usd|bdtanh|w60,o2o,-0.0494,-0.0179,-0.0315
cny_usd|bdtanh|w120,o2o,-0.1496,-0.1135,-0.0361
cny_usd|bdtanh|w252,o2o,0.2123,0.1745,0.0378
cny_usd|rankc|w60,o2o,-0.0538,-0.0169,-0.037
cny_usd|rankc|w120,o2o,-0.1412,-0.107,-0.0342
cny_usd|rankc|w252,o2o,0.196,0.1563,0.0396
cny_usd|signth|w60,o2o,-0.0404,-0.0184,-0.022
cny_usd|signth|w120,o2o,0.0435,0.0817,-0.0382
cny_usd|signth|w252,o2o,0.2647,-0.2927,0.5574
cny_usd|dev|w60,o2o,-0.0507,-0.0202,-0.0305
cny_usd|dev|w120,o2o,-0.1352,-0.1034,-0.0318
cny_usd|dev|w252,o2o,-0.1838,-0.1508,-0.033
wti|selfz|w60,o2o,0.0002,-0.0231,0.0233
wti|selfz|w120,o2o,-0.0052,0.0201,-0.0253
wti|selfz|w252,o2o,0.0769,0.1035,-0.0266
wti|robustz|w60,o2o,0.1554,0.1263,0.0291
wti|robustz|w120,o2o,-0.0388,-0.0119,-0.027
wti|robustz|w252,o2o,0.0239,0.0466,-0.0226
wti|bdtanh|w60,o2o,-0.0016,-0.0279,0.0263
wti|bdtanh|w120,o2o,0.0467,0.0694,-0.0227
wti|bdtanh|w252,o2o,0.0758,0.0991,-0.0233
wti|rankc|w60,o2o,-0.0448,-0.0195,-0.0253
wti|rankc|w120,o2o,0.007,0.03,-0.0229
wti|rankc|w252,o2o,0.059,0.0831,-0.024
wti|signth|w60,o2o,-0.0222,-0.0208,-0.0014
wti|signth|w120,o2o,0.0286,0.0478,-0.0192
wti|signth|w252,o2o,0.1649,0.1866,-0.0218
wti|dev|w60,o2o,-0.0318,-0.0088,-0.023
wti|dev|w120,o2o,0.0407,0.0615,-0.0208
wti|dev|w252,o2o,0.0916,0.1125,-0.0209
