event,offset,window,n_ev,mean_bps,base_bps,diff_bps,t,p,pos_years,n_years,ann_SR_if_traded
durable_goods,2,day,199,15.935593364866692,-0.006827956922841164,15.942421321789533,3.044564141188937,0.002608706807950761,0.7058823529411765,17,3.533004149676463
GDP_advance,2,day,67,23.636880232714937,0.3885948447526345,23.248285387962305,2.785744519359633,0.006886526003653589,0.7647058823529411,17,5.556896977985544
NFP,-2,night,109,25.470488762285896,4.719870603138304,20.750618159147592,2.6995584056746367,0.00795058295447644,0.9,10,5.16713624238457
FOMC,2,night,75,-18.06918845498228,6.533939497019588,-24.60312795200187,-2.6663935559108154,0.009290839878215253,0.4,10,-3.6514739614055647
PCE,2,day,198,13.270645864485301,0.13305933756951724,13.137586526915785,2.5837009156177686,0.010407397538119593,0.7058823529411765,17,3.043744227119334
retail_sales,-1,night,111,25.864558731309824,4.680277940397964,21.184280790911863,2.5917046185264137,0.01073370370696543,0.9,10,4.874294799452542
durable_goods,1,ongap,110,9.11577597756642,1.0814982033535812,8.034277774212839,2.4273372712059795,0.01655810789950577,0.8,10,4.374006538354605
GDP_advance,0,night,37,42.577554296621464,5.106526679783212,37.47102761683825,2.492655644973493,0.017294495737875202,0.9,10,7.437902744190587
umich_sentiment,0,day,197,12.976698025899701,0.15133700948314707,12.825361016416554,2.344116970111638,0.01996545157943742,0.6470588235294118,17,2.7596802150920183
case_shiller,-2,ongap,111,12.449143369819382,0.9059115529521451,11.543231816867237,2.2994341848851945,0.023224684929246887,0.8,10,3.8103379994393958
umich_sentiment,2,day,197,11.106689318522864,0.2461123414495059,10.86057697707336,2.281969661479017,0.02341213937554297,0.7058823529411765,17,2.742458084464048
umich_sentiment,0,c2c,197,25.181163438003637,5.7893559380485655,19.39180749995507,2.277493548616223,0.023734275203085582,0.8235294117647058,17,3.4284039893274088
housing_starts,2,day,194,12.439081873858568,0.188039738672152,12.251042135186417,2.2358413448326817,0.026384636774520243,0.8235294117647058,17,2.661540965524959
FOMC,2,c2c,94,-28.404455078203448,7.55236453780266,-35.95681961600611,-2.2475313518115367,0.026908093379076504,0.4166666666666667,12,-2.9261518100870365
durable_goods,2,c2c,199,22.65189327035489,5.908928949210004,16.742964321144882,2.2170505794964046,0.027620437715729976,0.8235294117647058,17,3.4849650676608905
case_shiller,1,ongap,111,9.765725437727966,1.044257763106417,8.721467674621548,2.105304101954007,0.037285192665983284,0.9,10,3.6589630370550585
industrial_production,-1,night,110,19.1724895392594,5.0318619199320676,14.140627619327331,1.9784379822047788,0.050120152972256214,0.9,10,4.182012051288784
claims,-1,day,518,-5.25618247424971,1.6453614662435736,-6.9015439404932835,-1.9015198412829226,0.05764896385250395,0.36363636363636365,11,-1.0875027107750608
PPI,-1,ongap,109,8.196148812717926,1.1317411911692186,7.064407621548707,1.8746599180705483,0.06317545911570896,0.8,10,3.429638446825631
industrial_production,1,night,110,-5.275935440618218,6.280388729489421,-11.556324170107638,-1.8634769391818202,0.06468748466074496,0.4,10,-1.340466863949296
JOLTS,0,night,109,19.00815301885574,5.04673584491737,13.96141717393837,1.8575119343570041,0.06568816278518552,0.8,10,3.948731544540812
trade_balance,-1,ongap,110,-3.7282011901107572,1.7374116148876988,-5.4656128049984565,-1.8481181457619273,0.06670649401826928,0.3,10,-2.029032090312169
PPI,1,night,110,17.721617686777048,5.105954725769142,12.615662961007907,1.839429514950871,0.06824348089509931,0.7,10,4.039497113062838
housing_starts,0,night,108,-6.428273741815994,6.327392388204237,-12.755666130020233,-1.8311213809638633,0.0695380201838067,0.5,10,-1.4543710858406582
GDP_advance,-1,day,67,-18.965502039880523,1.0991648254008537,-20.064666865281374,-1.830894971403244,0.07151251745932655,0.29411764705882354,17,-3.378598083275249
retail_sales,-1,c2c,200,19.35716450053833,6.07427467259882,13.282889827939512,1.8040770580090224,0.07254063615519407,0.5882352941176471,17,3.0524812158353
JOLTS,2,ongap,110,7.274236732190137,1.175541526005109,6.098695206185028,1.7962769852283622,0.07475963911606258,0.8,10,3.3940881213192022
JOLTS,1,night,110,17.97081710546193,5.0932286644621145,12.877588440999816,1.7770852074718544,0.07804106379751946,0.8,10,3.862980156331786
durable_goods,-2,ongap,111,7.269393903171371,1.1729585528582898,6.096435350313081,1.773478111559811,0.0784674972449362,0.9,10,3.330951114525159
JOLTS,1,day,191,-10.06444766909331,1.3015581740971116,-11.366005843190422,-1.762181422752027,0.07952380323477636,0.47058823529411764,17,-1.8283311894260612
trade_balance,-1,c2c,199,-7.484686044845324,7.45260444051627,-14.937290485361594,-1.7252499033669768,0.08590123780386894,0.5294117647058824,17,-0.9962380057795449
umich_sentiment,1,c2c,197,18.341072122073932,6.136023802529694,12.20504831954424,1.6960553936713456,0.09125358291214991,0.5882352941176471,17,2.9866919690991742
CPI,0,c2c,199,21.238568067399036,5.981323213145195,15.25724485425384,1.6876710424278352,0.09291839866981959,0.7647058823529411,17,2.701605960874055
CPI,0,ongap,110,9.816043709794325,1.0457370842518774,8.770306625542448,1.6652076001701543,0.09854784152718116,0.7,10,2.871136979663303
claims,2,c2c,518,14.863355466658463,5.54253998787224,9.320815478786225,1.6470867180172666,0.10001470953732391,0.8181818181818182,11,1.950080471974771
umich_sentiment,-1,day,197,-8.646637089517434,1.2472456839717436,-9.893882773489178,-1.645795625910889,0.10126689783976758,0.29411764705882354,17,-1.6648740862658917
housing_starts,2,night,108,-4.5767772912928875,6.234645812760593,-10.811423104053482,-1.587930691374794,0.1148904063573657,0.3,10,-1.061119844229133
PCE,-1,night,110,16.669903605412014,5.159663430017124,11.51024017539489,1.5773306907815214,0.1173079624745843,0.8,10,3.556879833591114
housing_starts,0,ongap,108,8.939282517608884,1.0977921965000743,7.841490321108811,1.5691890598041458,0.11933223354023943,0.6,10,2.7871843795850593
NFP,-1,night,110,-4.385397941482557,6.234910955624553,-10.62030889710711,-1.5539992773431266,0.1227300309008412,0.4,10,-1.0034283446635923
GDP_advance,2,c2c,67,25.377398781707832,6.41364949218498,18.963749289522852,1.5327913796010817,0.12989804298580576,0.7058823529411765,17,4.022884939768425
FOMC,-2,day,94,-11.872544684915049,1.06783851311911,-12.940383198034159,-1.5233719577638072,0.13091072696425893,0.3333333333333333,12,-2.314197551809285
trade_balance,-1,day,199,-7.6272778575472895,1.2001247775071158,-8.827402635054405,-1.4859687533575696,0.13873397382555464,0.35294117647058826,17,-1.4795889568187401
trade_balance,1,day,199,8.222418601696384,0.388261303790387,7.834157297905998,1.4797812443429927,0.14033900793563694,0.7058823529411765,17,1.801830213251999
PCE,-2,night,110,-4.028261530643597,6.216672791654133,-10.24493432229773,-1.483862084920041,0.1403869122525371,0.4,10,-0.9117152721428753
case_shiller,2,ongap,111,-4.230010373795248,1.765821476566276,-5.995831850361524,-1.4835448992750049,0.1404536330393477,0.3,10,-1.6271901028200817
claims,1,night,480,1.0014943505522549,6.9881654353066835,-5.9866710847544296,-1.4636058387357382,0.14371922476419152,0.7,10,0.19954922382768372
industrial_production,0,day,198,8.402993512899236,0.38107662156695443,8.021916891332282,1.4632460367679967,0.14482379182713379,0.47058823529411764,17,1.7787540643746131
FOMC,2,ongap,75,-6.134450032857656,1.732465162183757,-7.866915195041414,-1.4548177601223833,0.14967475737008232,0.4,10,-2.1146759981452523
NFP,1,ongap,109,8.295922836746131,1.1266946164039868,7.169228220342145,1.4318770142230248,0.15484845790376633,0.8,10,2.5694890502654184
JOLTS,-1,night,110,-6.556297180667435,6.345773962268164,-12.902071142935599,-1.4188677379233503,0.15859773714726325,0.5,10,-1.1106375433131959
umich_sentiment,1,ongap,107,5.907241092181131,1.251834812560287,4.655406279620844,1.4051691375372595,0.16238632930055608,0.7,10,2.870850299004225
trade_balance,1,ongap,109,7.889523211213749,1.147250328321866,6.742272882891883,1.3904008670827248,0.16703483595818527,0.7,10,2.5266822817147414
NFP,2,ongap,109,-4.707999592047191,1.7844336162826282,-6.492433208329819,-1.3860661950302504,0.16833395358255954,0.3,10,-1.5634891238873794
JOLTS,1,c2c,191,-6.761800485610993,7.386442235097147,-14.14824272070814,-1.3801629919594007,0.16905479473688043,0.6470588235294118,17,-0.7702701228285881
claims,-1,night,480,10.09585653953208,4.541251841859197,5.554604697672884,1.3618447288377082,0.17365283516533334,1.0,10,2.019492694112648
CPI,-1,night,110,19.215269067765746,5.029677264344463,14.185591803421282,1.3686532612721367,0.17377806014901298,0.8,10,2.843207419252203
NFP,-2,day,199,-5.726998615025369,1.1027874366417714,-6.82978605166714,-1.3590035278840185,0.1754949321320105,0.35294117647058826,17,-1.3268466565554315
trade_balance,2,ongap,109,-5.027770962452194,1.800607667036292,-6.828378629488486,-1.3454083576012486,0.1811043513173932,0.6,10,-1.535368082790415
industrial_production,0,c2c,198,15.807583544572967,6.261969682618642,9.545613861954324,1.3395941858995417,0.18171305776813862,0.7647058823529411,17,2.5949889697698327
GDP_advance,-1,c2c,67,-13.809897692627528,7.0672588682816855,-20.877156560909217,-1.329164260802312,0.18824671558833286,0.35294117647058826,17,-1.7169013590868758
PCE,1,day,198,7.84236460074101,0.409641862073215,7.432722738667795,1.3137815001904805,0.19029482783667218,0.5294117647058824,17,1.6056865131804714
CPI,1,ongap,111,5.889784273016853,1.244085663377171,4.645698609639683,1.2950033426527028,0.19762658982908687,0.8,10,2.576036689642273
FOMC,-2,c2c,94,-6.7573687299356635,7.042383054911138,-13.7997517848468,-1.2954507698362154,0.19818126720342608,0.4166666666666667,12,-1.0546580016345433
JOLTS,0,ongap,109,7.169926889304992,1.1836475436759515,5.986279345629041,1.2933139697905445,0.1984164290912564,0.6,10,2.4110333454284603
PCE,-2,c2c,198,-3.2575983167841365,7.233381419249807,-10.490979736033943,-1.2820634285186647,0.2011738138738323,0.5294117647058824,17,-0.4613591063595899
NFP,-1,c2c,199,-2.962618101753214,7.22097213146213,-10.183590233215343,-1.2805867264656476,0.2016753789826093,0.4117647058823529,17,-0.43140117137865547
case_shiller,-2,night,111,-3.029009773741614,6.169913845674652,-9.198923619416266,-1.2700987317812995,0.20643911591762162,0.5,10,-0.6485457475476062
JOLTS,-1,day,191,7.324696459073538,0.44840468617523455,6.876291772898303,1.2654507035039588,0.20709129666582551,0.7647058823529411,17,1.5935671912196905
GDP_advance,1,night,37,-9.537462610905232,5.972380126383341,-15.509842737288574,-1.2813996326611514,0.20793514813915442,0.5,10,-2.0765350438709635
case_shiller,0,ongap,111,-4.96924070201328,1.803933212020155,-6.7731739140334355,-1.2623870656094123,0.20930498444904405,0.5,10,-1.4193392014890283
GDP_advance,0,c2c,67,33.07769368748455,6.285215397415989,26.79247829006856,1.2559526700795602,0.2134971149230557,0.6470588235294118,17,3.018168457015399
case_shiller,-2,day,140,8.529749607320202,0.49454653193164444,8.035203075388557,1.2353059687041998,0.21864398053706768,0.6153846153846154,13,1.7941142990004613
PCE,1,ongap,108,4.971154059830945,1.2965667203590807,3.6745873394718642,1.2340199125861366,0.2193207580484624,0.9,10,2.709178314424767
umich_sentiment,-1,c2c,197,-2.8530561048085192,7.210179516626901,-10.063235621435421,-1.228886088455495,0.22043823182048478,0.47058823529411764,17,-0.4047746095418866
new_home_sales,-2,c2c,195,-2.899716869274075,7.207343923371028,-10.107060792645104,-1.2154883821121085,0.2255115564951172,0.5294117647058824,17,-0.40686189156020336
trade_balance,0,night,110,14.792204086810386,5.255553377578025,9.536650709232363,1.2163498047542125,0.22623705390271887,0.7,10,2.9257192266909087
durable_goods,-1,ongap,111,4.396226876006804,1.3210874613651482,3.0751394146416566,1.2083964215947134,0.2287395584513571,0.7,10,2.835505907196914
PCE,-1,day,198,-5.779778903270927,1.103719168762449,-6.883498072033376,-1.206842661033895,0.22879755255138692,0.35294117647058826,17,-1.1732546334488319
trade_balance,2,c2c,199,-3.319310400170768,7.2392428566577784,-10.558553256828548,-1.196554591622767,0.2327863268987453,0.5294117647058824,17,-0.43308470142397804
umich_sentiment,0,ongap,109,9.67386075992395,1.0569984523082177,8.616862307615733,1.1983807644489382,0.23330156019415657,0.7,10,2.0637157723972512
PCE,-2,day,198,-5.595122604529352,1.0943105359392808,-6.689433140468633,-1.1754262103235047,0.2411027111716677,0.5882352941176471,17,-1.1384386713043233
FOMC,2,day,94,-11.21999908993364,1.0524652585005003,-12.272464348434141,-1.1787579258555037,0.2414150277516741,0.4166666666666667,12,-1.7774842943128604
trade_balance,2,day,199,-5.960028246425234,1.1147238321755097,-7.074752078600744,-1.1620457548491294,0.2464953777773542,0.35294117647058826,17,-1.126737459338994
claims,-2,c2c,518,12.128955735480783,5.9397410705278855,6.189214664952897,1.1559997863535885,0.2480832577154089,0.7272727272727273,11,1.697770467116158
PPI,2,night,111,-3.1442951507614887,6.175857494931134,-9.320152645692623,-1.1578355491709746,0.24922011570616795,0.6,10,-0.6021923166657679
JOLTS,0,c2c,191,15.7025191739319,6.284288355063061,9.418230818868839,1.1483788974255738,0.25210975593206414,0.5294117647058824,17,2.258861989445161
JOLTS,1,ongap,110,-7.539119977393427,1.932026780440667,-9.471146757834093,-1.1495369029597586,0.2527877426855924,0.6,10,-1.3938117598556223
industrial_production,-2,c2c,198,14.30192273297613,6.338686316868814,7.963236416107317,1.1420492397564486,0.25462506124507805,0.6470588235294118,17,2.4034990838334007
claims,0,ongap,480,-1.3408136377325528,2.228628382100642,-3.569442019833195,-1.1384964182028656,0.2553888471741408,0.7,10,-0.32429433003430996
GDP_advance,-2,night,37,-7.264444884044088,5.934615575016542,-13.199060459060629,-1.1186902052896672,0.2703857838278944,0.6,10,-1.6234027466431058
durable_goods,1,day,199,-5.519214665359412,1.0921441918583674,-6.6113588572177795,-1.1009811260075995,0.27212322888539353,0.23529411764705882,17,-1.0585846154687581
case_shiller,1,day,140,-6.366973309743411,1.0233348707726448,-7.390308180516056,-1.1001612125577833,0.27302972182254354,0.4166666666666667,12,-1.2951074967626797
industrial_production,-1,day,198,-4.8803270158704235,1.057890173984966,-5.938217189855389,-1.0930539577706568,0.275559931516768,0.4117647058823529,17,-1.0430920070052068
PPI,-2,ongap,110,-2.5264699476156585,1.6760418671279678,-4.202511814743626,-1.0724898623661117,0.28557293137870393,0.3,10,-1.0091342267156695
claims,2,ongap,477,3.1585579344158634,1.021628624980164,2.136929309435699,1.0675395871676865,0.28598925481306603,0.7,10,1.3973335733729677
umich_sentiment,1,day,197,6.849513743446128,0.46187349099674474,6.387640252449383,1.0682931369215176,0.28658495136283435,0.6470588235294118,17,1.326347109698274
durable_goods,1,night,110,12.41619287887443,5.3768909972962025,7.039301881578228,1.0675870388241862,0.2877567396184599,0.8,10,2.9523513063314777
PCE,0,day,198,6.876086063310387,0.45887581740292765,6.41721024590746,1.0585447443763567,0.2909908883611233,0.8235294117647058,17,1.309039142557413
FOMC,0,day,94,-8.549976072834685,0.9895624606039334,-9.53953853343862,-1.049220230364081,0.2966923222729285,0.5,12,-1.5547612368322599
industrial_production,2,day,198,-5.147127061608511,1.0714842061661654,-6.218611267774676,-1.0394714557345641,0.29974598186962303,0.5294117647058824,17,-0.9936196756865361
umich_sentiment,-1,ongap,109,-2.194854732770902,1.6573186326811824,-3.8521733654520847,-1.0370409586014626,0.30171121414587804,0.4,10,-0.9328182702361506
claims,-2,day,518,4.0244305263387075,0.2972522306000514,3.727178295738656,1.028820067218695,0.30392308527805795,0.6363636363636364,11,0.8345281589368564
case_shiller,-2,c2c,140,16.833041477456327,6.36594572049635,10.467095756959978,1.0310702743076638,0.3041813316280897,0.7692307692307693,13,2.2627211226658432
new_home_sales,1,day,195,-4.89942232501646,1.054266860463215,-5.953689185479675,-1.028323876374296,0.30495574542738874,0.35294117647058826,17,-0.9864747325749932
housing_starts,-1,ongap,108,-1.0424913998290457,1.5978068454255365,-2.640298245254582,-1.0197486936327678,0.3095070524953268,0.4,10,-0.6677240105860642
PCE,1,c2c,198,13.838345535727333,6.362306565210365,7.476038970516967,1.0136208989464415,0.31185087858577415,0.6470588235294118,17,2.189105399342482
new_home_sales,2,ongap,108,4.891266687363236,1.3005684996849214,3.5906981876783157,1.0130217605291638,0.31298665053098357,0.6,10,2.1972887902368448
trade_balance,0,c2c,199,16.05874908095067,6.246647274484506,9.812101806466163,1.0051228689708966,0.3159778477899579,0.6470588235294118,17,1.8854227971095041
retail_sales,-1,ongap,111,6.045876852372372,1.2360381592859204,4.8098386930864505,1.0065064586452916,0.3161969009710081,0.7,10,1.9483244124469707
PPI,1,ongap,110,-4.290196734598598,1.766111480205091,-6.056308214803689,-0.983944812179885,0.3272156318970157,0.7,10,-1.0682586815294097
claims,1,ongap,480,3.6649130143523587,0.8817960990284686,2.78311691532389,0.9757266647477242,0.32958211891698674,0.7,10,0.9932099872038984
durable_goods,2,night,111,-0.8076569159734261,6.055389847898401,-6.863046763871828,-0.9613751772334441,0.33823670537070116,0.4,10,-0.17560694269411214
new_home_sales,2,c2c,195,13.556587944369314,6.382201357503078,7.174386586866237,0.9595500382779187,0.3383302210217358,0.6470588235294118,17,2.12960592039205
retail_sales,0,night,111,-0.8133158686242183,6.055681600682535,-6.868997469306754,-0.9579561321274435,0.33995321696368835,0.6,10,-0.1760061179733205
CPI,0,night,110,13.667661464669347,5.312981273787641,8.354680190881705,0.9384382271828067,0.34994722491992947,0.7,10,2.366839194556303
umich_sentiment,2,c2c,197,13.478658895718302,6.382459461287621,7.096199434430681,0.9306700186923906,0.3530347118400259,0.6470588235294118,17,2.0629323906857193
NFP,0,c2c,199,-3.7530704281891065,7.261461195287288,-11.014531623476396,-0.930751746711274,0.3530624879368454,0.5882352941176471,17,-0.3611857843675847
CPI,2,ongap,111,-3.8686497534558186,1.7471911798372113,-5.61584093329303,-0.9271795408060372,0.35576097797920864,0.6,10,-0.9749317886946717
FOMC,-1,day,94,7.8035506401270975,0.6042914052108488,7.199259234916249,0.9248693915660133,0.3573027430652214,0.6666666666666666,12,1.6636001308248116
new_home_sales,0,c2c,195,14.358691815201002,6.341982726797968,8.016709088403033,0.9165106559412158,0.3604360112995613,0.7647058823529411,17,1.910099433038193
new_home_sales,-2,night,108,-0.03933793765008657,6.007352932336928,-6.046690869987015,-0.9163801903696123,0.36125888486230445,0.5,10,-0.009432536466276177
CPI,2,night,111,10.866470517659215,5.453518902643768,5.412951615015447,0.9151946677692469,0.3617659143442283,0.8,10,2.894368708994846
trade_balance,-2,ongap,109,4.736218818673625,1.3067446108215754,3.4294742078520497,0.9042140581082118,0.3676260922558215,0.6,10,1.9681732658558706
NFP,0,night,110,-3.0523938857706505,6.166837396604911,-9.219231282375562,-0.9030229187390786,0.3683997692685038,0.6,10,-0.4587347489221139
PCE,2,c2c,198,13.639400973164271,6.372443215593145,7.266957757571127,0.9011563967715934,0.36849016947909513,0.5882352941176471,17,1.9618587888725154
case_shiller,2,night,111,13.081251924979968,5.339333702359234,7.7419182226207335,0.8972032166998568,0.3714218961623333,0.8,10,2.329629809817652
NFP,0,ongap,110,-6.972578186447606,1.903094748405365,-8.875672934852972,-0.8972542534873952,0.3715294697755783,0.4,10,-1.0711459580114995
industrial_production,-1,ongap,110,6.0698975872720045,1.237044453554317,4.832853133717688,0.8893006277506085,0.375675347496647,0.5,10,1.718663900922333
JOLTS,-2,day,191,-4.058126979761959,1.00687354741787,-5.065000527179829,-0.8726131842314327,0.38387082579961046,0.47058823529411764,17,-0.8233915280983177
GDP_advance,-2,ongap,37,5.273001814458577,1.4087029278944554,3.864298886564121,0.8720967376474306,0.3883867465305372,0.8,10,3.1845273867587833
claims,0,night,480,2.747787567484762,6.5183107581051125,-3.7705231906203505,-0.8591674503491841,0.39054621812216855,0.7,10,0.49857253117929895
durable_goods,1,c2c,199,12.40690008869606,6.433704661732554,5.973195426963507,0.8511020091554099,0.3955982072200964,0.5882352941176471,17,2.0652586454894277
durable_goods,-2,night,111,0.3867292197963964,5.993812114005948,-5.607082894209551,-0.8498792660524124,0.3969965970962612,0.4,10,0.09148615190073127
retail_sales,1,day,200,-4.319950872575995,1.0320923381767335,-5.352043210752729,-0.831397455268668,0.40666926634330386,0.47058823529411764,17,-0.7684672232298835
GDP_advance,1,ongap,37,8.681007569239371,1.3520813684302033,7.3289262008091685,0.8329385961885044,0.41023906687292194,0.8,10,2.5906495511015013
trade_balance,1,c2c,199,13.349717710518915,6.385411043523353,6.964306666995562,0.817281427494675,0.4146579212824651,0.7647058823529411,17,1.806941505451789
retail_sales,2,ongap,112,5.106031866579662,1.2827169695627314,3.823314897016931,0.8138522771914343,0.4173215607994422,0.6,10,1.6676932767675616
NFP,-2,c2c,199,12.82599372991935,6.412237574318542,6.413756155600808,0.8010813881440384,0.4239425918134658,0.5294117647058824,17,1.8542803881715106
PPI,1,c2c,149,14.215424999498936,6.441122593025705,7.774302406473231,0.7925733781676452,0.42920593492181186,0.6153846153846154,13,1.9194219154619614
case_shiller,-1,day,140,-4.2428295771993,0.9479342311792941,-5.190763808378595,-0.7921234293554659,0.42953855144984265,0.46153846153846156,13,-0.8855711984129061
industrial_production,-2,day,198,4.724669111954437,0.5684951062265196,4.156174005727918,0.7881881564736384,0.4314246911391843,0.6470588235294118,17,1.0423843429733501
umich_sentiment,-2,night,109,0.21803862601242377,5.997140702838447,-5.779102076826023,-0.7870580528516998,0.4327898887588697,0.5,10,0.04643075426848532
housing_starts,0,day,194,-3.82504401601464,0.9991555285527183,-4.8241995445673584,-0.7856341137878852,0.43296382686162516,0.47058823529411764,17,-0.7258461974077467
NFP,1,night,109,12.918037167939836,5.35477418726068,7.563262980679156,0.7843539675932374,0.43444672933288847,0.8,10,2.0687193143291545
industrial_production,-1,c2c,198,12.720713177544942,6.4192523209798225,6.30146085656512,0.7811253840556462,0.4355681774498575,0.7058823529411765,17,1.82896927786299
claims,2,night,477,8.179420675939147,5.062126895595542,3.117293780343604,0.7763023767079077,0.43780972370482774,0.8,10,1.6770133032784411
durable_goods,-1,night,111,10.948133331347488,5.449308697200482,5.498824634147006,0.7736960977471998,0.44058309764971004,0.7,10,2.39169045346262
housing_starts,-2,day,194,4.639837674102339,0.5769994751124371,4.062838198989902,0.757746391760471,0.44942390522033876,0.6470588235294118,17,1.0159529796582234
PPI,-1,day,149,-4.497848202427358,0.9694627316708794,-5.467310934098237,-0.7528120383135375,0.45268687247365924,0.38461538461538464,13,-0.818007313642713
JOLTS,-2,c2c,191,0.3331552300132871,7.038346539827627,-6.70519130981434,-0.75129251100432,0.45332698787568315,0.5294117647058824,17,0.043844637559589096
CPI,-2,day,199,4.698237902816016,0.5687791825747353,4.129458720241281,0.7491064779839889,0.4545882554276225,0.47058823529411764,17,0.9862675216925517
case_shiller,0,day,140,5.505611931166824,0.6018942182048374,4.903717712961987,0.7415347821941971,0.45952934124305733,0.6923076923076923,13,1.1383059692796238
housing_starts,-2,c2c,194,12.484624052309737,6.437506082862056,6.04711796944768,0.7402235971773503,0.45997199155988605,0.5294117647058824,17,1.7894210414594052
CPI,1,c2c,199,11.629569060117321,6.473521617893987,5.156047442223334,0.7338046453180356,0.4638156863699164,0.6470588235294118,17,1.9334049767369816
PPI,-2,night,110,13.104581016930029,5.341736542706548,7.76284447422348,0.7265457339910929,0.4689870561244362,0.6,10,1.8793700469983836
durable_goods,0,day,199,-3.29340586622117,0.9781323640518009,-4.271538230272971,-0.7187276130210609,0.4730794433229195,0.5294117647058824,17,-0.6385792292754763
FOMC,1,night,75,-2.822426220665368,6.0115515721343575,-8.833977792799725,-0.718052539173936,0.47490336072303974,0.5,10,-0.42446066911021507
FOMC,-1,night,75,-0.9514060119150644,5.947446265758719,-6.898852277673784,-0.7087110722109968,0.4805985447012534,0.6,10,-0.18192067772264017
industrial_production,2,c2c,198,1.0571128478223193,7.0135376697407805,-5.956424821918461,-0.699977376186465,0.4846896152065405,0.5294117647058824,17,0.14365631307390153
housing_starts,-1,night,108,10.052405732252337,5.501829594512502,4.550576137739835,0.6952258540679035,0.48822054954486466,0.8,10,2.4314045123379073
JOLTS,-2,ongap,109,-2.8839147592220784,1.692171320794026,-4.576086080016104,-0.6934548789367512,0.489450553166126,0.5,10,-0.6716530450213688
CPI,-1,c2c,199,12.95315723442579,6.405723922478959,6.547433311946832,0.6748755561325575,0.5004857779102313,0.5882352941176471,17,1.530659311177282
housing_starts,1,c2c,194,0.5538252475583172,7.0325125014023575,-6.47868725384404,-0.6709471567165181,0.5029983355566813,0.4117647058823529,17,0.06661015786337557
housing_starts,1,day,194,-3.35184700918258,0.9755565004484972,-4.327403509631076,-0.6697924331058092,0.5037297367860708,0.4117647058823529,17,-0.6031257059451643
NFP,-1,ongap,110,-0.6638393257263948,1.580921454682369,-2.2447607804087637,-0.6643017409823551,0.507664788093894,0.5,10,-0.3113695936986686
JOLTS,2,day,191,-3.5193289456433896,0.9804388121194764,-4.499767757762866,-0.6575141835350851,0.5115923917755644,0.35294117647058826,17,-0.6011192092216127
PCE,0,night,110,0.3761769377846386,5.991747893080733,-5.615570955296095,-0.6472681666123632,0.5187175004931196,0.4,10,0.06691860008069492
FOMC,-1,ongap,75,4.179460584611923,1.3790876855687646,2.8003728990431584,0.6439927459136252,0.5213710484435794,0.6,10,1.809239831988028
CPI,1,night,111,0.41545556107487575,5.992331099662283,-5.576875538587407,-0.6405300772344907,0.5230612877215767,0.7,10,0.07330014549001625
housing_starts,2,ongap,108,-0.9795345640445581,1.5946531634845698,-2.574187727529128,-0.6394024596276079,0.5237659612829543,0.5,10,-0.3835869614876177
new_home_sales,0,night,108,9.895835457314577,5.509672632403633,4.386162824910944,0.634190654285012,0.5271488167474582,0.6,10,2.256218378048803
retail_sales,1,c2c,200,1.7751764078108523,6.9796293632644995,-5.204452955453647,-0.6282180184261509,0.5305099318153127,0.4117647058823529,17,0.24691065656490055
PCE,0,ongap,110,5.897356021691573,1.2458557684168277,4.651500253274745,0.627377715180738,0.531681558693182,0.8,10,1.2138088192063732
retail_sales,0,ongap,111,-2.544769836922798,1.6789372686736417,-4.223707105596439,-0.6260187111474813,0.5325479814653825,0.5,10,-0.5741059830616555
housing_starts,1,ongap,108,3.9881186539113522,1.3458096813235128,2.6423089725878395,0.6228628735692546,0.5345587961400284,0.8,10,1.4771581130021583
trade_balance,-2,night,109,0.13659207882146474,6.001260272974788,-5.864668194153324,-0.6217034296191006,0.5353649060708356,0.3,10,0.022376944681853986
case_shiller,0,night,111,1.6012644330926935,5.9311955749089265,-4.329931141816233,-0.6171849405835398,0.5382405982831057,0.4,10,0.35467627902382176
FOMC,-1,c2c,94,12.567130581285365,6.587119161363575,5.98001141992179,0.6119887439844901,0.5419333272794372,0.6666666666666666,12,2.144684280591031
housing_starts,1,night,108,2.3093606941055294,5.8897001251803385,-3.5803394310748096,-0.6103111748932811,0.5427361566894668,0.7,10,0.6291790492252943
new_home_sales,-1,ongap,108,3.4200496502085613,1.3742658280767137,2.045783822131847,0.6046355610147001,0.5464872267230725,0.6,10,1.6165714441892693
durable_goods,0,night,111,1.3869312000358869,5.942245732302937,-4.55531453226705,-0.6035553102230973,0.5472579639802557,0.6,10,0.28427274083335097
retail_sales,2,c2c,200,12.154707124918275,6.4451530132589685,5.709554111659306,0.6028212242914898,0.5472623360004377,0.5882352941176471,17,1.4690150080342628
CPI,-2,ongap,109,-0.4422539847872777,1.5686720055209897,-2.0109259903082677,-0.6021231178951697,0.5481377222521737,0.5,10,-0.21108896530699794
trade_balance,0,day,199,-2.510516996595106,0.9380307205368494,-3.448547717131955,-0.5989637807859255,0.5498155945869424,0.4117647058823529,17,-0.5033269987889201
CPI,-2,c2c,199,11.081162921898768,6.501612434240317,4.579550487658451,0.5977913753957834,0.5505827393315877,0.6470588235294118,17,1.6790148448186408
NFP,2,day,199,-2.97866678858161,0.9620105940517307,-3.9406773826333406,-0.5876968223014845,0.5573583340176914,0.47058823529411764,17,-0.509113152310829
housing_starts,-1,c2c,194,11.21448017476504,6.500850019171483,4.713630155593556,0.5848772747107055,0.5592416472687607,0.7647058823529411,17,1.6306433820964314
new_home_sales,-1,night,108,9.409050288866421,5.534057047149644,3.874993241716777,0.5749761041713058,0.5663631417887335,0.8,10,2.205506127014267
NFP,1,day,199,4.042846360705175,0.6023500749505545,3.44049628575462,0.5595988702724848,0.5763322088081174,0.6470588235294118,17,0.7564887594178198
case_shiller,-1,c2c,140,2.138438579919355,6.887559413613787,-4.749120833694432,-0.5548898132419839,0.5797793460371189,0.3076923076923077,13,0.34346874336404615
NFP,2,night,109,9.079300144746206,5.5489376840254625,3.530362460720743,0.5543337383477803,0.5803355863136384,0.7,10,2.2515373931039204
claims,-2,ongap,478,2.3332971741449176,1.241302597040677,1.0919945771042405,0.5428957907868294,0.5873249474888358,0.5,10,1.0234634376414184
retail_sales,-2,c2c,200,10.596208889788949,6.525405239578706,4.070803650210243,0.5434264487207041,0.5873703664634348,0.5294117647058824,17,1.6403362260911207
CPI,2,c2c,199,2.1306485728525404,6.960081509004849,-4.829432936152307,-0.5381420700117088,0.5910324764421755,0.4117647058823529,17,0.2731217458861188
JOLTS,2,c2c,191,1.951410375430532,6.958951026656629,-5.007540651226097,-0.5299725196302971,0.5967028989696145,0.4117647058823529,17,0.24195028181659567
durable_goods,-1,c2c,199,10.283896373108746,6.542450540600476,3.7414458325082705,0.5224762085366195,0.6018450416921646,0.6470588235294118,17,1.6750677967057876
claims,-1,ongap,480,2.2909274290087573,1.2514783193002894,1.0394491097084677,0.5201449511601729,0.6030779424557469,0.7,10,1.013523302302096
PCE,-1,ongap,110,-0.4519069557923159,1.5700985388547237,-2.02200549464704,-0.5173393255690745,0.605835817408771,0.8,10,-0.1809995630401766
PPI,2,c2c,149,2.058599995452317,6.901444556330138,-4.842844560877821,-0.5151047792296574,0.6071894142404068,0.6153846153846154,13,0.29049898946468167
durable_goods,0,c2c,199,2.095603683137408,6.961876601167862,-4.866272918030455,-0.5071650726126776,0.6125620441428136,0.5294117647058824,17,0.2505013733820784
claims,2,day,518,2.4441155044069274,0.5268100492654081,1.9173054551415192,0.5016863615445403,0.6160533285771939,0.7272727272727273,11,0.4760029264974459
new_home_sales,-2,day,195,-1.9531418112938896,0.9065361584380413,-2.859677969731931,-0.4991644859634233,0.6181739128455437,0.5294117647058824,17,-0.39765925351050946
trade_balance,1,night,109,9.67315020604753,5.518900720367993,4.154249485679538,0.49025961739037743,0.624866560712928,0.9,10,1.7717284615171747
CPI,-2,night,109,9.444397341262137,5.530471050883821,3.9139262903783165,0.484858276400246,0.6286735209118367,0.6,10,1.8199508612952968
new_home_sales,-1,day,195,-1.8048263783492224,0.8990994113503039,-2.7039257896995266,-0.48357334530061186,0.6291781504275332,0.4117647058823529,17,-0.3770103178073012
CPI,-1,day,199,-1.8023453153528,0.9017562895028163,-2.704101604855616,-0.4766039394502901,0.6341174263084806,0.4117647058823529,17,-0.3669875430096613
GDP_advance,1,c2c,67,0.6677209277196774,6.825785020245026,-6.158064092525349,-0.4728113343832295,0.6378460956160638,0.4117647058823529,17,0.10043516054348661
housing_starts,-2,night,107,9.284084808161943,5.542052550013389,3.7420322581485537,0.4693529076162939,0.6396954536409867,0.7,10,1.8293876687225865
GDP_advance,-1,night,37,0.039074780935914336,5.8132728594331295,-5.774198078497215,-0.4674173061328576,0.6429154996209532,0.5,10,0.008332358114232991
CPI,-1,ongap,110,-0.4874081915281694,1.5719115081819957,-2.059319699710165,-0.4645248423492948,0.6431080650234006,0.7,10,-0.17074042582054053
industrial_production,0,ongap,110,-1.2502046568017111,1.6108658309211272,-2.861070487722838,-0.458814375983897,0.6472377714298313,0.5,10,-0.3071662820245857
GDP_advance,2,ongap,37,3.468991256414443,1.4386752631650586,2.0303159932493844,0.46022594561887165,0.6478564921737515,0.5,10,2.1047676536870537
PPI,2,ongap,111,0.0048888345969598,1.5474871467327718,-1.5425983121358118,-0.4550199304050908,0.6498421362906086,0.5,10,0.0022746026884426047
retail_sales,1,ongap,112,3.0359871987305818,1.390451636290936,1.6455355624396455,0.4546018183744917,0.6501533717109899,0.6,10,1.3091411433448177
FOMC,1,c2c,94,-0.3702433808228573,6.891909425132541,-7.262152805955399,-0.45255440594041685,0.6518964255511344,0.4166666666666667,12,-0.03802477354639855
umich_sentiment,-1,night,109,9.048410791482107,5.550500068946941,3.4979107225351656,0.4478146885312724,0.6551005082888786,0.6,10,1.8049889453274262
NFP,-1,day,199,2.8130184631400925,0.665345120411417,2.1476733427286754,0.4350219077371793,0.6639578500669077,0.4117647058823529,17,0.6643222253055526
PPI,0,ongap,110,3.9985309428793556,1.3428245514573771,2.6557063914219783,0.42716366950483825,0.670062553123282,0.8,10,0.9854498918076378
retail_sales,0,day,200,3.2992468823386303,0.6397546576970926,2.659492224641538,0.4248403715746416,0.6713747433231155,0.5882352941176471,17,0.6042888930500258
PCE,-2,ongap,110,3.4195959547760837,1.3723894765694291,2.047206478206655,0.4251789580507672,0.6714755819410567,0.4,10,1.098291721884777
housing_starts,2,c2c,194,10.209290852929438,6.550980283550946,3.658310569378491,0.41453040973887556,0.6789059215774693,0.7647058823529411,17,1.3489536276562155
PPI,-1,night,109,8.882829761697216,5.558875165117035,3.3239545965801813,0.41466030913787655,0.6791405647918853,0.8,10,1.7243404222589174
industrial_production,1,ongap,110,3.058629969842802,1.3908232083905347,1.6678067614522671,0.41397492928559676,0.6796097024746652,0.6,10,1.1859522542888772
umich_sentiment,-2,day,197,-1.4200741112886317,0.880990755566528,-2.30106486685516,-0.4078663755721891,0.6837721395494065,0.5294117647058824,17,-0.292355642517204
retail_sales,-2,night,111,8.783985477887247,5.560883435581386,3.2231020423058614,0.4032067150840415,0.6875094032430107,0.6,10,1.6946933243292148
PPI,1,day,149,-1.7304344402393568,0.8646737480454633,-2.5951081882848204,-0.3965907686653331,0.6921980556038634,0.6153846153846154,13,-0.3506296757322379
PPI,-2,c2c,149,11.004109026974943,6.562720072036144,4.441388954938798,0.3958730391570077,0.6927383952357392,0.6153846153846154,13,1.2931732669907412
NFP,1,c2c,199,10.061836903703494,6.5538250153525075,3.508011888350986,0.39523863941307424,0.6930555941238213,0.5294117647058824,17,1.3048230674986505
GDP_advance,1,day,67,-3.266166604938447,0.8373138236231291,-4.103480428561576,-0.39011095049756356,0.6976750343986595,0.5294117647058824,17,-0.6065558538695185
claims,-1,c2c,518,8.657713443367241,6.4439764904142605,2.2137369529529796,0.3874598910146645,0.698540995268914,0.6363636363636364,11,1.1234433129927814
case_shiller,1,c2c,140,10.028622308211634,6.607481897903615,3.421140410308018,0.38772220382011796,0.6987630908728061,0.5833333333333334,12,1.5600267247852546
umich_sentiment,1,night,107,7.945462063592779,5.608456181756041,2.3370058818367383,0.38431748982750247,0.7013946255716283,0.6,10,2.0910067441730384
PPI,0,day,149,-1.777929022923425,0.8664721452042754,-2.644401168127701,-0.38002848174123427,0.7044333657769859,0.3076923076923077,13,-0.3379745574212716
new_home_sales,1,c2c,195,3.882997749548603,6.867248950197869,-2.984251200649266,-0.37910083705671754,0.7049819164938792,0.6470588235294118,17,0.5773887779602167
housing_starts,-2,ongap,107,4.034638897916698,1.3447269937314943,2.6899119041852035,0.37815130083307213,0.7060475727679374,0.5,10,0.8783619216174733
trade_balance,0,ongap,110,4.7634450000924335,1.3037620879970995,3.459682912095334,0.36965770035590395,0.7123416138338325,0.6,10,0.7739275400171284
durable_goods,-1,day,199,-1.1659894490520895,0.8691604549098069,-2.035149903961896,-0.3682248214407636,0.7130576737944302,0.4117647058823529,17,-0.24409207824215184
case_shiller,0,c2c,140,3.307539616926647,6.8460598839025755,-3.538520266975929,-0.3589181537065652,0.7201630313801697,0.38461538461538464,13,0.45830705160547675
PCE,0,c2c,198,10.098334393972094,6.552868121069226,3.545466272902867,0.3585830049571739,0.720264626871166,0.6470588235294118,17,1.1729644861391297
retail_sales,-2,ongap,111,2.6716653500446754,1.4099989009293825,1.2616664491152927,0.35644331330559,0.7220867738521023,0.7,10,1.1857285090766057
claims,1,day,518,1.9277397585106812,0.6018192013613856,1.3259205571492956,0.355155447213112,0.7225834517319879,0.45454545454545453,11,0.38583546597101287
claims,0,day,518,1.9606723496411347,0.5970353869459131,1.3636369626952218,0.34072018107312657,0.7334243206823571,0.36363636363636365,11,0.36203378191695496
claims,0,c2c,518,4.777167287958028,7.007667715456878,-2.230500427498851,-0.33972943328761346,0.7341767499843072,0.5454545454545454,11,0.5296284876412479
claims,-2,night,478,4.768428847950332,5.973289717543084,-1.2048608695927512,-0.32779775307251074,0.7431424859544002,0.8,10,1.1087932821545627
retail_sales,1,night,112,3.301750423615894,5.844706495077707,-2.5429560714618127,-0.32282393569322,0.7473803846363446,0.5,10,0.6440143466586404
CPI,1,day,199,2.284885613751336,0.6923974851548823,1.5924881285964538,0.31805607775820166,0.7507346350942914,0.5294117647058824,17,0.5314913092997519
housing_starts,-1,day,194,-0.9777972782014895,0.8571591616797745,-1.8349564398812641,-0.3143574350853973,0.7535572522036922,0.4117647058823529,17,-0.19569180923823395
PPI,-1,c2c,149,9.410949390956606,6.62304555761854,2.7879038333380652,0.3073778767212094,0.7589522539982789,0.6153846153846154,13,1.3787649140436251
industrial_production,1,day,198,2.6199436741834434,0.6757353627058446,1.9442083114775988,0.3057490662343753,0.7600931599976078,0.7058823529411765,17,0.4744527632784514
NFP,2,c2c,199,3.9749196411934604,6.8656130553111945,-2.890693414117734,-0.30496324974442457,0.760690392910622,0.5882352941176471,17,0.4812216648058019
industrial_production,-2,ongap,109,2.4863200526035576,1.4205445948130542,1.0657754577905034,0.3008408623479411,0.7640258395921578,0.7,10,1.1124632379446289
industrial_production,2,night,110,7.328245738748917,5.636721166940495,1.6915245718084222,0.29855483302356045,0.7657475798911719,0.6,10,2.0557575864426947
CPI,0,day,199,2.451701191091369,0.6838527490182887,1.7678484420730805,0.2879862219995611,0.7736330142430361,0.4117647058823529,17,0.45950109893476865
JOLTS,-1,ongap,110,0.49288846052282637,1.5218499335647209,-1.0289614730418946,-0.2850836917339723,0.7760412814427741,0.5,10,0.21512574740025733
FOMC,-2,ongap,75,0.47092813750246876,1.5061502408603176,-1.0352221033578488,-0.272069749836133,0.7862268447044392,0.7,10,0.23499304504859062
case_shiller,-1,night,111,4.152408931008835,5.799668849749293,-1.6472599187404584,-0.27003921780758283,0.7875585819902556,0.7,10,1.069321894797392
GDP_advance,-1,ongap,37,-0.8969418132586625,1.5112120945875576,-2.4081539078462204,-0.2693242707639495,0.7891818699901303,0.4,10,-0.2633514099108087
trade_balance,-2,c2c,199,4.289420558569428,6.849503484511241,-2.560082925941814,-0.26157335394283765,0.7939031779261966,0.5294117647058824,17,0.5022685724203394
PPI,0,c2c,149,4.292382793790802,6.8168616752748825,-2.52447888148408,-0.25636993886231696,0.7979963841961952,0.5384615384615384,13,0.5772484045539045
umich_sentiment,-2,c2c,197,4.849384511240131,6.819806272129452,-1.9704217608893209,-0.24970850250991236,0.8030456252199808,0.5882352941176471,17,0.7155889152868048
GDP_advance,-2,c2c,67,3.660761920278269,6.775863749022366,-3.115101828744097,-0.2499542645844047,0.8033655999835319,0.5294117647058824,17,0.5759983706790325
FOMC,0,c2c,94,3.2370124827018585,6.806926454914164,-3.5699139722123054,-0.2433290158060378,0.8082698388594002,0.5833333333333334,12,0.3641162378459388
industrial_production,2,ongap,110,0.7718614170003635,1.5076034037538903,-0.7357419867535269,-0.23654488986333883,0.8133663042411502,0.6,10,0.3968935200739878
umich_sentiment,2,ongap,109,2.0867238145841425,1.4407561910748252,0.6459676235093172,0.23538353211622073,0.8142452813886708,0.6,10,1.2429368243105086
NFP,-2,ongap,109,2.0461002451967536,1.4428109330995238,0.6032893120972298,0.232385668789576,0.8165561777740379,0.6,10,1.3005155468840226
umich_sentiment,2,night,109,7.44811366893831,5.631443171664933,1.8166704972733774,0.23066626478674326,0.8179705609214724,0.7,10,1.4729229313361296
FOMC,1,day,94,2.6394321366728177,0.7259523423849595,1.913479794287858,0.22510797871265492,0.822367598662753,0.6666666666666666,12,0.514128223265251
new_home_sales,1,ongap,108,2.137100655369819,1.4385322897847772,0.6985683655850417,0.22048029435530092,0.8258374079541472,0.5,10,1.086307543719553
new_home_sales,2,night,108,7.462467856776359,5.631566742263618,1.8309011145127412,0.21750818508902542,0.8281935384235177,0.5,10,1.3826803276394777
new_home_sales,1,night,108,4.282629576770058,5.790853631985641,-1.5082240552155828,-0.20685625353621317,0.8364731724452368,0.7,10,0.923054274630919
new_home_sales,-2,ongap,108,2.300956055146951,1.4303243198515998,0.8706317352953511,0.20381078872430142,0.8388478195489618,0.7,10,0.8460011940287627
PPI,-2,day,149,-0.4266136604138489,0.8153041683265304,-1.2419178287403794,-0.20154186002335658,0.8405284098794081,0.5384615384615384,13,-0.09203457052523892
CPI,2,day,199,-0.4006495615943656,0.8299577167877766,-1.2306072783821425,-0.20129114462676398,0.8406599253512814,0.5882352941176471,17,-0.07541332794205122
claims,1,c2c,518,5.694383975725485,6.874432088910737,-1.1800481131852527,-0.1979725917198887,0.8431291255836537,0.8181818181818182,11,0.7038787336619953
industrial_production,-2,night,109,7.306109688492297,5.638625739585405,1.6674839489068924,0.1976535203262818,0.8436582147718935,0.8,10,1.3443464526918418
retail_sales,2,night,112,6.7078504808645665,5.667437347116811,1.040413133747755,0.1975223452710614,0.8437063621106152,0.7,10,2.0228482716718035
durable_goods,-2,day,199,1.8092518721901873,0.7167607064085937,1.0924911657815937,0.19618885215388157,0.8446427582983403,0.5882352941176471,17,0.37575459294412306
GDP_advance,0,ongap,37,-2.304125101859022,1.5345914307699613,-3.8387165326289834,-0.19584355188617567,0.8458289864666885,0.5,10,-0.3071261884900189
GDP_advance,2,night,37,7.516411766218984,5.68904229434311,1.8273694718758744,0.1758208299036528,0.8613690901391405,0.6,10,1.9126504154503068
FOMC,-2,night,75,4.452201072665736,5.762306689996472,-1.3101056173307355,-0.17347229366026118,0.8627069657298692,0.7,10,1.109216109061565
new_home_sales,2,day,195,-0.16203928701356377,0.8167277263900434,-0.9787670134036073,-0.1679852880421124,0.8667533522598554,0.5294117647058824,17,-0.03240890170873714
umich_sentiment,-2,ongap,109,0.8795257252740898,1.5018163264506006,-0.6222906011765108,-0.16596948093650407,0.8684488866156881,0.5,10,0.3700546582571443
GDP_advance,0,day,67,2.531357154800356,0.7406162652705028,1.790740889529853,0.1653661894236797,0.8691477156491703,0.5294117647058824,17,0.45643885526438743
FOMC,0,ongap,75,0.0726094723478917,1.5197975226723746,-1.447188050324483,-0.16176099405622354,0.871925002172438,0.8,10,0.014961979349159044
case_shiller,-1,ongap,111,1.0644983210469392,1.4928579535158892,-0.42835963246895015,-0.16043260889033895,0.8727569461973284,0.6,10,0.6487830134467375
umich_sentiment,0,night,109,6.763777677939351,5.666056917845391,1.09772076009396,0.15448426173539997,0.8774837227301632,0.8,10,1.491416006452837
case_shiller,2,day,140,-0.3268048075867336,0.808927266740714,-1.1357320743274475,-0.14262666323437187,0.8867813071634033,0.5,12,-0.055769030966047524
retail_sales,-2,day,200,1.4888038704609527,0.7329803534683427,0.7558235169926102,0.14231899633827422,0.8869556350073897,0.47058823529411764,17,0.3243537516666058
industrial_production,1,c2c,198,5.541797083427035,6.785033429223606,-1.2432363457965714,-0.13910015382059046,0.8895010312807918,0.6470588235294118,17,0.7152347812295927
PCE,-1,c2c,198,7.665314338889765,6.676835689495964,0.988478649393801,0.13660006491720936,0.8914682115483545,0.47058823529411764,17,1.2376754503017962
new_home_sales,-1,c2c,195,5.619730057966895,6.780166718225236,-1.1604366602583411,-0.13559098597479322,0.8922721575507162,0.35294117647058826,17,0.7649172611098665
NFP,0,day,199,-0.010709388991276245,0.8099839473288283,-0.8206933363201045,-0.1314189647766407,0.8955664264082478,0.5882352941176471,17,-0.001971437036759619
durable_goods,0,ongap,111,0.49155818574369375,1.5223964370359357,-1.030838251292242,-0.12918879710983044,0.897437806076987,0.6,10,0.09346052565682983
new_home_sales,0,ongap,108,0.660274131523584,1.512510612871694,-0.85223648134811,-0.11863004226771215,0.9057831747494659,0.7,10,0.14164005424005155
case_shiller,1,night,111,6.451005218446227,5.68116249215266,0.7698427262935669,0.1113405726021485,0.9115249958648866,0.7,10,1.4512489264132367
housing_starts,0,c2c,194,5.874292782392233,6.767172989382363,-0.89288020699013,-0.10686251657483377,0.9149982170899977,0.7647058823529411,17,0.822161012239958
trade_balance,-1,night,110,6.5669173139228825,5.6756005201117405,0.8913167938111419,0.1050160362157276,0.9165409703918089,0.7,10,1.1952684949554362
JOLTS,2,night,110,6.5381581920379475,5.677069184646254,0.8610890073916934,0.10292431540145766,0.9181968952673046,0.5,10,1.2080571226337413
trade_balance,2,night,109,6.452815220848168,5.681785413354876,0.771029807493292,0.0949104155144392,0.9245467658523598,0.6,10,1.235211149685108
PCE,1,night,108,5.205960464308999,5.744601435392781,-0.5386409710837813,-0.09221234847534386,0.9266730343966935,0.4,10,1.425050897866484
JOLTS,0,day,191,0.2594329260267658,0.7950436111205038,-0.535610685093738,-0.0912966615883763,0.9273441126336417,0.47058823529411764,17,0.052050473155943876
PPI,0,night,110,5.039842969826726,5.75358481809251,-0.7137418482657844,-0.09108500919521262,0.9275767728521149,0.7,10,0.997424984292075
PCE,2,night,109,5.093893205588117,5.750519751945755,-0.6566265463576386,-0.08712610404497102,0.9307164633823232,0.6,10,1.055227183586643
FOMC,0,night,75,6.531680467431311,5.691059109088561,0.8406213583427502,0.08639304056572472,0.9313734604831199,0.8,10,1.249495694894104
GDP_advance,-2,day,67,1.3951816941595077,0.7595666650372285,0.6356150291222792,0.0636104370571879,0.9494666292385312,0.47058823529411764,17,0.272966912533597
JOLTS,-1,c2c,191,7.187883918810274,6.70203696377825,0.4858469550320251,0.058314701211298926,0.9535532275913038,0.7058823529411765,17,1.0169530520082022
durable_goods,-2,c2c,199,6.330430264888739,6.744957556182402,-0.4145272912936624,-0.04777739071635431,0.9619374625839613,0.5882352941176471,17,0.840762904046713
retail_sales,-1,day,200,0.5567793447421421,0.7809733774497438,-0.2241940327076018,-0.04537459644101669,0.9638482390098015,0.47058823529411764,17,0.1310456834415248
new_home_sales,0,day,195,1.0075014315756716,0.7580852887132882,0.24941614286238348,0.04406064714001881,0.964896848033315,0.5882352941176471,17,0.2077376846665665
JOLTS,-2,night,109,6.0037578127368345,5.704498757895077,0.29925905484175686,0.04175615583009303,0.9667616380235281,0.8,10,1.311824474657745
case_shiller,2,c2c,140,7.235239522366876,6.706638487664839,0.5286010347020371,0.04169948137064146,0.966795626726588,0.4166666666666667,12,0.7739113931302805
PCE,2,ongap,109,1.5585510822032296,1.4674711923878272,0.09107988981540249,0.030327171013066694,0.9758503000816485,0.6,10,0.8374079222633946
trade_balance,-2,day,199,0.6132388585241438,0.7780236638653614,-0.1647848053412176,-0.026527706211768264,0.9788609458369981,0.5882352941176471,17,0.11351695861124808
industrial_production,0,night,110,5.5543153613599845,5.7273118547365875,-0.17299649337660272,-0.025672796088628772,0.9795593711041071,0.6,10,1.2902657117026486
PPI,2,day,149,0.9244132908197995,0.7641471122315333,0.16026617858826614,0.025329826669553027,0.9798232887130351,0.46153846153846156,13,0.19399130351312432
durable_goods,2,ongap,111,1.4075961464144318,1.4751692128675884,-0.0675730664531567,-0.019276489189582663,0.984650006954346,0.6,10,0.6313536372008978
FOMC,1,ongap,75,1.390853346201304,1.4746315607998273,-0.0837782145985232,-0.0156571123312769,0.9875472857225113,0.5,10,0.4847267187958211
retail_sales,2,day,200,0.7844792407345591,0.7692483570587852,0.015230883675773941,0.002340827738293136,0.9981344605046325,0.47058823529411764,17,0.13800200593118356
retail_sales,0,c2c,200,6.729722189923182,6.724503421858097,0.005218768065084383,0.000600983916462549,0.9995210319893821,0.6470588235294118,17,0.8907483882273881
