frac,sign,n_bars,SR_gross,SR_net,SR_of_SR,positive_years,yr_sr_min,n_years,beta,mean_exec_w,abs_exec_w,max_dd_pct,max_dd_days,turnover_ann,held_pct,start_date,end_date,passes
0.05,1,2264,0.055370635653327054,-0.059565970722381754,0.22786818977486709,0.6,-1.9185462412321799,10,0.0580064040480475,0.053886925795053005,0.053886925795053005,-10.522131441900305,1562,26.379858657243815,5.3886925795053005,2017-05-16,2026-09-01,False
0.05,1,2264,-0.3794291137911299,-0.4780702978873817,-0.17609670487366655,0.4,-2.0539179906504996,10,0.08015815628356235,0.054770318021201414,0.054770318021201414,-20.500262715232264,1760,26.379858657243815,5.477031802120141,2017-05-16,2026-09-01,False
0.05,1,2264,-0.2068026355740338,-0.3102972836334442,-0.303832752161192,0.4,-2.0237472337656652,10,0.05502420361010217,0.04814487632508834,0.04814487632508834,-10.49132905251088,1578,22.26148409893993,4.814487632508834,2017-05-16,2026-09-01,False
0.05,1,2264,0.48090052338884537,0.3998997692402861,0.42752432871190343,0.6,-0.9897929653670482,10,0.09819711954989908,0.052120141342756186,0.052120141342756186,-4.542682119232029,684,24.821554770318023,5.212014134275619,2017-05-16,2026-09-01,False
0.05,1,2264,0.33251391751378817,0.17590810830992207,0.17637280446578488,0.5,-1.69805535022454,10,0.02605860098284018,0.04814487632508834,0.04814487632508834,-8.573026636960826,1484,23.263250883392228,4.814487632508834,2017-05-16,2026-09-01,False
0.05,1,2264,0.49222817953625847,0.3592394443932422,0.3028021082031034,0.5,-1.113796753498452,10,0.04076316571806199,0.05035335689045936,0.05035335689045936,-3.946077141059083,1097,24.598939929328623,5.035335689045936,2017-05-16,2026-09-01,False
0.05,1,2264,0.2480053987351572,0.13408435204462793,0.04155896150497101,0.6,-1.9703470631961384,10,0.05089324090042586,0.04814487632508834,0.04814487632508834,-5.921833891770151,846,23.151943462897528,4.814487632508834,2017-05-16,2026-09-01,False
0.05,1,2264,0.10282430618978554,-0.043730327955126796,0.08690511323513071,0.5,-1.737688953451066,10,0.03365760266549526,0.053003533568904596,0.053003533568904596,-8.797633391775847,1085,25.934628975265017,5.30035335689046,2017-05-16,2026-09-01,False
0.05,1,2264,-0.17155298166466335,-0.2976813882477206,0.04191616705419264,0.5,-1.8871164708643973,10,0.04467549109339765,0.05167844522968198,0.05167844522968198,-11.759469317590316,1004,24.487632508833922,5.167844522968198,2017-05-16,2026-09-01,False
0.05,1,2264,0.26242562111023576,0.1530262138593159,0.510974260960968,0.7,-0.9860156016238449,10,0.044550824209037776,0.04549469964664311,0.04549469964664311,-6.745222695946443,462,22.15017667844523,4.54946996466431,2017-05-16,2026-09-01,False
0.05,1,2264,0.9095159821721803,0.7952135344925527,1.4961096806386083,0.9,-0.14800160525527997,10,0.04123995419523025,0.045936395759717315,0.045936395759717315,-2.6860104466698953,344,22.26148409893993,4.593639575971731,2017-05-16,2026-09-01,True
0.05,1,2264,-0.06725476876351084,-0.19517696831849649,0.05014595093011776,0.3,-0.8385718456751003,10,0.03682055406170848,0.05035335689045936,0.05035335689045936,-6.678796905033299,2071,23.151943462897528,5.035335689045936,2017-05-16,2026-09-01,False
0.05,1,2264,0.5871847688110416,0.462745031368884,0.4123604915714058,0.7,-1.1124595330861282,10,0.03888903639359234,0.04726148409893993,0.04726148409893993,-3.2522723416392325,413,22.59540636042403,4.726148409893993,2017-05-16,2026-09-01,False
0.05,1,2264,0.1845998025178409,0.07303848394983654,0.36134974780266543,0.7,-1.202315025033092,10,0.03961384742949878,0.04107773851590106,0.04107773851590106,-7.57994553618717,879,20.146643109540637,4.107773851590106,2017-05-16,2026-09-01,False
0.05,1,2264,0.14929019565174187,0.04432907347067752,0.0709066646211019,0.5,-1.5418677771097344,10,0.03969490770470112,0.04151943462897526,0.04151943462897526,-9.020187863981066,784,20.035335689045937,4.151943462897526,2017-05-16,2026-09-01,False
0.05,1,2264,0.6089447300978562,0.48369101549638727,0.6775985777026009,0.7,-0.33955199911940565,10,0.03929154814168966,0.05079505300353357,0.05079505300353357,-3.201336718190726,447,23.931095406360424,5.079505300353357,2017-05-16,2026-09-01,True
0.05,1,2264,0.5793033277831005,0.4663355697141987,0.3732472649032567,0.5,-0.8747897798502621,10,0.03959930150846174,0.04770318021201413,0.04770318021201413,-5.31627745097518,750,21.92756183745583,4.770318021201414,2017-05-16,2026-09-01,False
0.05,1,2264,-0.2938214048277047,-0.43574570464531426,-0.26559974157195326,0.4,-2.0842177843956953,10,0.03747350647778746,0.052120141342756186,0.052120141342756186,-10.15451103234455,2091,25.37809187279152,5.212014134275619,2017-05-16,2026-09-01,False
0.05,1,2264,-0.41335080860053536,-0.5231601509418122,-0.4971115083948019,0.4,-1.5546571859337315,10,0.048146263991901854,0.04726148409893993,0.04726148409893993,-17.476017901672098,2182,22.48409893992933,4.726148409893993,2017-05-16,2026-09-01,False
0.05,1,2264,-0.6588279825976437,-0.774310864141884,-1.0295084669662897,0.2,-1.738127293982902,10,0.048436217765053746,0.05123674911660778,0.05123674911660778,-20.614246639759333,1934,23.263250883392228,5.123674911660777,2017-05-16,2026-09-01,False
0.1,1,2264,0.14983662481123158,-0.023177304276299163,0.00219136839484313,0.5,-1.6762672590830947,10,0.07874670777833069,0.10070671378091872,0.10070671378091872,-13.733291209516857,1400,46.303886925795055,10.070671378091872,2017-05-16,2026-09-01,False
0.1,1,2264,0.8159650534933401,0.6458417734022389,0.6004182241625062,0.8,-1.4062142174733274,10,0.08377711017151751,0.10203180212014135,0.10203180212014135,-5.12060999545056,859,47.52826855123675,10.203180212014134,2017-05-16,2026-09-01,True
0.1,1,2264,0.6225221892477472,0.4672416806943376,0.7844348864420895,0.8,-0.7448568912006114,10,0.0880883948048942,0.09496466431095406,0.09496466431095406,-8.740951299774254,1242,42.408127208480565,9.496466431095406,2017-05-16,2026-09-01,True
0.1,1,2264,0.5159854719656964,0.3603666205011389,0.4767524197447574,0.8,-1.1968383015396369,10,0.10205432956269901,0.10379858657243816,0.10379858657243816,-8.420329396047675,755,46.74911660777386,10.379858657243817,2017-05-16,2026-09-01,False
0.1,1,2264,0.29029820259337213,0.15434398763249932,0.053445370695124526,0.5,-1.4798821791954544,10,0.12313739431292443,0.10247349823321555,0.10247349823321555,-11.58071811537617,1305,44.74558303886926,10.247349823321555,2017-05-16,2026-09-01,False
0.1,1,2264,0.6564697582618283,0.49353631099276163,0.3703764715419573,0.7,-1.4130997819706157,10,0.08735904463423473,0.09496466431095406,0.09496466431095406,-9.747101598190461,777,44.30035335689046,9.496466431095406,2017-05-16,2026-09-01,False
0.1,1,2264,0.5622293555356638,0.3866315829825867,0.15129308681375372,0.5,-1.502429766020673,10,0.07797251413606905,0.10114840989399293,0.10114840989399293,-10.406715104055438,957,45.63604240282686,10.114840989399292,2017-05-16,2026-09-01,False
0.1,1,2264,0.3803588825483892,0.19774986297838337,0.5200898703774275,0.7,-0.6646620466181891,10,0.06625852379894595,0.09452296819787986,0.09452296819787986,-6.332083066159265,779,44.63427561837456,9.452296819787986,2017-05-16,2026-09-01,False
0.1,1,2264,0.443778726672103,0.2986904900328247,0.4431919570132945,0.7,-1.437518635889659,10,0.10155478883835323,0.10114840989399293,0.10114840989399293,-10.377494330535027,604,44.07773851590106,10.114840989399292,2017-05-16,2026-09-01,False
0.1,1,2264,0.3562291154141878,0.19107114015647336,0.5160040441371494,0.7,-0.38980243552208843,10,0.09358974196745687,0.10600706713780919,0.10600706713780919,-5.670869919918534,1101,47.973498233215544,10.60070671378092,2017-05-16,2026-09-01,False
0.1,1,2264,-0.11937109010712761,-0.28241920122810565,-0.17355765123358483,0.5,-1.8045177164316313,10,0.10585634444974983,0.10865724381625441,0.10865724381625441,-15.810667446448912,2075,49.97703180212014,10.86572438162544,2017-05-16,2026-09-01,False
0.1,1,2264,0.6418737070569811,0.48687803707445326,0.2594961936177032,0.6,-1.4644247199083398,10,0.08692391618482743,0.09584805653710247,0.09584805653710247,-8.657585989829354,848,43.52120141342756,9.584805653710248,2017-05-16,2026-09-01,False
0.1,1,2264,-0.33478467066941436,-0.4906599452160694,-0.28285452150617424,0.4,-2.0334140258876494,10,0.08700851031571555,0.09275618374558305,0.09275618374558305,-25.588895526199206,1591,43.632508833922266,9.275618374558304,2017-05-16,2026-09-01,False
0.1,1,2264,1.3012992459884263,1.1249664278668665,0.8379317647034628,0.8,-0.5173672178383782,10,0.06598292368044364,0.09628975265017668,0.09628975265017668,-5.923128286107193,875,43.409893992932865,9.628975265017669,2017-05-16,2026-09-01,True
0.1,1,2264,0.48601184711230816,0.3287858611865587,0.3012963943967289,0.5,-1.2803835512513186,10,0.11000492169857468,0.10512367491166077,0.10512367491166077,-7.713058814471374,601,48.53003533568905,10.512367491166078,2017-05-16,2026-09-01,False
0.1,1,2264,0.5613042246690304,0.3806414109605988,0.46284227125943816,0.6,-1.0863775295903673,10,0.06922101853566523,0.09673144876325088,0.09673144876325088,-6.604930533052884,724,44.18904593639576,9.673144876325088,2017-05-16,2026-09-01,False
0.1,1,2264,0.32342265122016123,0.15660502212708616,0.09550187379578891,0.5,-1.3049946112608957,10,0.09697714537918849,0.10998233215547704,0.10998233215547704,-6.023597885792639,1032,48.418727915194346,10.998233215547703,2017-05-16,2026-09-01,False
0.1,1,2264,0.5256933143128238,0.3766846628868846,0.13208555523153712,0.5,-1.464181146198621,10,0.10486654333116374,0.09540636042402827,0.09540636042402827,-7.800473559803447,536,45.96996466431095,9.540636042402827,2017-05-16,2026-09-01,False
0.1,1,2264,0.22533215848234361,0.09214510146960989,-0.27724192944304077,0.2,-1.6167115261712108,10,0.13842026757531875,0.10114840989399293,0.10114840989399293,-17.122381189685303,2176,46.74911660777386,10.114840989399292,2017-05-16,2026-09-01,False
0.1,1,2264,0.504582234319053,0.34862510220117365,0.2563980887859583,0.5,-1.354487324145091,10,0.09933057338705589,0.10247349823321555,0.10247349823321555,-10.389338118614168,984,46.41519434628975,10.247349823321555,2017-05-16,2026-09-01,False
0.2,1,2264,0.4388391592109586,0.24517175696496302,0.39250821623005494,0.6,-0.969342464895269,10,0.19168221356369416,0.20185512367491165,0.20185512367491165,-14.45244485021267,580,79.47349823321555,20.185512367491164,2017-05-16,2026-09-01,False
0.2,1,2264,0.6074515128131783,0.42790081906856015,0.6158058019872984,0.7,-1.2013186798731788,10,0.22042721176359678,0.20362190812720848,0.20362190812720848,-8.726963373507738,595,79.91872791519434,20.362190812720847,2017-05-16,2026-09-01,False
0.2,1,2264,-0.3617962404545544,-0.5436835650552133,-0.42504794480796493,0.4,-2.155108295283122,10,0.2351866264779842,0.2124558303886926,0.2124558303886926,-32.460125037777225,1612,82.14487632508833,21.24558303886926,2017-05-16,2026-09-01,False
0.2,1,2264,-1.0200538931428573e-05,-0.19432200754253262,-0.32646481433498264,0.3,-1.0639860028820853,10,0.1829849913354857,0.20008833922261485,0.20008833922261485,-21.50820339347564,2156,78.02650176678445,20.008833922261484,2017-05-16,2026-09-01,False
0.2,1,2264,0.7082157934518156,0.5215267764273265,0.8977214996817316,0.8,-0.5540869420344906,10,0.23585346941352053,0.21643109540636044,0.21643109540636044,-9.859577420877704,554,85.59540636042404,21.643109540636043,2017-05-16,2026-09-01,False
0.2,1,2264,0.6063406953298375,0.4398454638865914,0.4452884009632331,0.8,-1.7819564631669185,10,0.25359227019490854,0.19876325088339222,0.19876325088339222,-10.464545164778785,737,79.69611307420496,19.87632508833922,2017-05-16,2026-09-01,False
0.2,1,2264,0.6061354823401478,0.4180826617719933,0.24239940413089658,0.5,-0.8853093675063507,10,0.21696681759426492,0.20185512367491165,0.20185512367491165,-9.731902727491946,1014,81.25441696113074,20.185512367491164,2017-05-16,2026-09-01,False
0.2,1,2264,0.2743735742289427,0.05231292146590593,0.258411362506931,0.6,-0.9621135470365697,10,0.16562369626543685,0.20318021201413428,0.20318021201413428,-11.841392985321837,1003,83.92579505300353,20.318021201413426,2017-05-16,2026-09-01,False
0.2,1,2264,0.8450425920345955,0.6309131553489944,0.5834040022871045,0.6,-0.6788303299555657,10,0.16874819810736877,0.21068904593639576,0.21068904593639576,-7.861176432673311,575,82.92402826855124,21.068904593639576,2017-05-16,2026-09-01,False
0.2,1,2264,0.3394225668261777,0.1512096215382413,0.13051124128678748,0.6,-2.4595064920605436,10,0.20369026322209058,0.19832155477031801,0.19832155477031801,-25.64932898436318,1146,79.58480565371025,19.8321554770318,2017-05-16,2026-09-01,False
0.2,1,2264,0.5068897540602306,0.2920355817069841,0.3139719965174423,0.7,-1.2344700502829022,10,0.16203767330396987,0.19390459363957596,0.19390459363957596,-13.989594260358206,1147,80.25265017667844,19.390459363957596,2017-05-16,2026-09-01,False
0.2,1,2264,0.635885594302063,0.4350148931282956,0.6487166871259038,0.8,-1.158412926752856,10,0.18613938814414924,0.19920494699646643,0.19920494699646643,-13.858629415201445,210,82.59010600706713,19.920494699646643,2017-05-16,2026-09-01,False
0.2,1,2264,0.8391602617172654,0.6069150924343152,0.5655380519146478,0.7,-1.426993556871798,10,0.1466314990169287,0.2053886925795053,0.2053886925795053,-11.15206878644248,916,84.14840989399293,20.53886925795053,2017-05-16,2026-09-01,False
0.2,1,2264,0.19737947199814415,0.020068703272779244,0.004083993841200106,0.5,-1.3663663660714864,10,0.22936322456843153,0.1978798586572438,0.1978798586572438,-21.631310340297166,1996,78.47173144876325,19.78798586572438,2017-05-16,2026-09-01,False
0.2,1,2264,0.4120976375428845,0.21793159929155584,0.5450704733307014,0.6,-0.832223328218248,10,0.19740834085354142,0.2067137809187279,0.2067137809187279,-9.561643643800243,489,80.69787985865725,20.671378091872793,2017-05-16,2026-09-01,False
0.2,1,2264,0.5879947490465718,0.3884791023359188,0.2870061117157481,0.5,-1.3013051923709682,10,0.16724464664694982,0.1872791519434629,0.1872791519434629,-10.90563035865501,1523,76.69081272084806,18.727915194346288,2017-05-16,2026-09-01,False
0.2,1,2264,0.7143541558099188,0.5168152340258595,0.4869906823732145,0.6,-0.9947659444603688,10,0.16984342985166045,0.19125441696113074,0.19125441696113074,-9.738035577835083,453,77.13604240282686,19.125441696113075,2017-05-16,2026-09-01,False
0.2,1,2264,0.26329247055781474,0.05249045293646909,0.0953600709688025,0.6,-1.0616833072644491,10,0.17419325696629648,0.20318021201413428,0.20318021201413428,-16.099853920245334,1145,82.47879858657244,20.318021201413426,2017-05-16,2026-09-01,False
0.2,1,2264,0.09488135748255834,-0.07785721688544045,-0.28196084842049346,0.5,-1.482163755570308,10,0.2515271750544329,0.20097173144876326,0.20097173144876326,-14.802326161626391,1177,81.81095406360423,20.097173144876326,2017-05-16,2026-09-01,False
0.2,1,2264,0.37228580835655894,0.16207488242535886,0.34654861505404694,0.6,-0.819768597467987,10,0.16749379915254092,0.20185512367491165,0.20185512367491165,-10.731005062578152,875,81.92226148409894,20.185512367491164,2017-05-16,2026-09-01,False
0.4,1,2264,1.133529895757949,0.9292589943959935,0.8058988308858983,0.8,-0.8317399567700519,10,0.4100202165039868,0.40724381625441697,0.40724381625441697,-12.52433118809218,471,123.4399293286219,40.724381625441694,2017-05-16,2026-09-01,False
0.4,1,2264,0.8160146799036161,0.6159673498205118,1.366793017751133,1.0,0.04210599471887285,10,0.4061035202638041,0.40547703180212014,0.40547703180212014,-11.873641460712774,416,119.98939929328621,40.54770318021201,2017-05-16,2026-09-01,False
0.4,1,2264,0.830746082909815,0.6167944581519947,1.10515499396178,0.9,-0.5150269124804755,10,0.3614932022976452,0.38957597173144876,0.38957597173144876,-15.634528484680265,599,120.32332155477032,38.957597173144876,2017-05-16,2026-09-01,False
0.4,1,2264,0.5499479153282985,0.3423967834691841,0.5413477059207386,0.8,-1.05951051688394,10,0.3625948693247131,0.4023851590106007,0.4023851590106007,-11.868176865019759,750,116.87279151943463,40.23851590106007,2017-05-16,2026-09-01,False
0.4,1,2264,0.8947872982878977,0.7003907468298713,1.2020372973554851,0.9,-0.0425526799917555,10,0.4328127335069011,0.4019434628975265,0.4019434628975265,-12.667405340536536,531,121.2137809187279,40.19434628975265,2017-05-16,2026-09-01,False
0.4,1,2264,0.2173493152103509,0.008764180602736808,0.050235990034575455,0.4,-1.4619005526552011,10,0.39510298075302297,0.4015017667844523,0.4015017667844523,-28.368652166263757,1938,121.99293286219081,40.150176678445234,2017-05-16,2026-09-01,False
0.4,1,2264,0.8971485251083019,0.6870216801166713,0.4915742066465795,0.7,-1.7284460584579477,10,0.3705819542406698,0.39664310954063603,0.39664310954063603,-19.32906975508636,1255,120.32332155477032,39.6643109540636,2017-05-16,2026-09-01,False
0.4,1,2264,0.7699395121310387,0.5608331291238696,0.5360808172089487,0.7,-0.5816601763530149,10,0.3801727038245759,0.4085689045936396,0.4085689045936396,-19.71340741710561,1058,121.7703180212014,40.85689045936396,2017-05-16,2026-09-01,False
0.4,1,2264,0.777766711592284,0.5736080391939752,0.7357052356612583,0.7,-0.873877929167162,10,0.3982818815782013,0.3992932862190813,0.3992932862190813,-16.398065079975506,1106,121.65901060070671,39.92932862190813,2017-05-16,2026-09-01,False
0.4,1,2264,0.5728990023196405,0.3704794637931258,0.7138807285017867,0.8,-0.2952591158140424,10,0.41153446919159176,0.3917844522968198,0.3917844522968198,-13.859472430691039,558,122.10424028268551,39.17844522968198,2017-05-16,2026-09-01,False
0.4,1,2264,0.2856531729452486,0.06960456978687156,0.08180413958514098,0.5,-1.4841652555981888,10,0.3699025351678697,0.41033568904593637,0.41033568904593637,-16.884885856236313,654,122.77208480565372,41.033568904593636,2017-05-16,2026-09-01,False
0.4,1,2264,1.3535228026988526,1.1554913349805322,2.02577030010349,1.0,0.36998208917326986,10,0.37947174467806916,0.39664310954063603,0.39664310954063603,-8.548018812094227,150,114.64664310954063,39.6643109540636,2017-05-16,2026-09-01,False
0.4,1,2264,0.7294736748573081,0.5046361794607694,1.0538548809300168,0.9,-0.7889271698770638,10,0.3647619729697824,0.4001766784452297,0.4001766784452297,-11.859916415642235,386,126.8904593639576,40.01766784452297,2017-05-16,2026-09-01,False
0.4,1,2264,0.7862724489105846,0.5611255324026203,0.700447538020663,0.7,-0.6277664895323365,10,0.35398332942088717,0.3926678445229682,0.3926678445229682,-11.654211910422507,447,125.8886925795053,39.26678445229682,2017-05-16,2026-09-01,False
0.4,1,2264,0.36515088628788567,0.16985848681888485,0.28690643638146707,0.5,-1.8838074284824653,10,0.42990735714226314,0.4041519434628975,0.4041519434628975,-22.44861526747542,902,120.43462897526501,40.41519434628975,2017-05-16,2026-09-01,False
0.4,1,2264,0.7755078665894506,0.5787038293209815,0.39243324645206784,0.5,-1.1119946332126542,10,0.41489344921446714,0.3917844522968198,0.3917844522968198,-14.957035798000396,656,119.54416961130741,39.17844522968198,2017-05-16,2026-09-01,False
0.4,1,2264,0.5513845466659822,0.3324259611994277,0.38669112731086663,0.7,-1.3414275641750708,10,0.34428726672833226,0.39752650176678445,0.39752650176678445,-15.764739700094097,1030,120.21201413427562,39.75265017667844,2017-05-16,2026-09-01,False
0.4,1,2264,1.0265756499484209,0.8226375086620505,0.7347637067324361,0.8,-0.8048409339374761,10,0.4405816443800969,0.39840989399293286,0.39840989399293286,-15.56329123040392,675,128.4487632508834,39.840989399293285,2017-05-16,2026-09-01,False
0.4,1,2264,0.7683527935543154,0.5654168712997715,0.9947307419949343,0.8,-0.3716471809939559,10,0.4144087566257572,0.39443462897526504,0.39443462897526504,-16.33569513926678,386,120.87985865724382,39.4434628975265,2017-05-16,2026-09-01,False
0.4,1,2264,0.8650110604117547,0.6577663609123271,0.7827455811685529,0.8,-0.6409310908824382,10,0.39061702105738577,0.4112190812720848,0.4112190812720848,-13.955364340121221,453,121.54770318021201,41.12190812720848,2017-05-16,2026-09-01,False
1.0,1,2264,1.145666960799065,1.145666960799065,1.7637452351554226,1.0,0.1349864958089049,10,1.0,1.0,1.0,-18.229532072132958,177,0.0,100.0,2017-05-16,2026-09-01,False
1.0,1,2264,1.145666960799065,1.145666960799065,1.7637452351554226,1.0,0.1349864958089049,10,1.0,1.0,1.0,-18.229532072132958,177,0.0,100.0,2017-05-16,2026-09-01,False
1.0,1,2264,1.145666960799065,1.145666960799065,1.7637452351554226,1.0,0.1349864958089049,10,1.0,1.0,1.0,-18.229532072132958,177,0.0,100.0,2017-05-16,2026-09-01,False
1.0,1,2264,1.145666960799065,1.145666960799065,1.7637452351554226,1.0,0.1349864958089049,10,1.0,1.0,1.0,-18.229532072132958,177,0.0,100.0,2017-05-16,2026-09-01,False
1.0,1,2264,1.145666960799065,1.145666960799065,1.7637452351554226,1.0,0.1349864958089049,10,1.0,1.0,1.0,-18.229532072132958,177,0.0,100.0,2017-05-16,2026-09-01,False
1.0,1,2264,1.145666960799065,1.145666960799065,1.7637452351554226,1.0,0.1349864958089049,10,1.0,1.0,1.0,-18.229532072132958,177,0.0,100.0,2017-05-16,2026-09-01,False
1.0,1,2264,1.145666960799065,1.145666960799065,1.7637452351554226,1.0,0.1349864958089049,10,1.0,1.0,1.0,-18.229532072132958,177,0.0,100.0,2017-05-16,2026-09-01,False
1.0,1,2264,1.145666960799065,1.145666960799065,1.7637452351554226,1.0,0.1349864958089049,10,1.0,1.0,1.0,-18.229532072132958,177,0.0,100.0,2017-05-16,2026-09-01,False
1.0,1,2264,1.145666960799065,1.145666960799065,1.7637452351554226,1.0,0.1349864958089049,10,1.0,1.0,1.0,-18.229532072132958,177,0.0,100.0,2017-05-16,2026-09-01,False
1.0,1,2264,1.145666960799065,1.145666960799065,1.7637452351554226,1.0,0.1349864958089049,10,1.0,1.0,1.0,-18.229532072132958,177,0.0,100.0,2017-05-16,2026-09-01,False
1.0,1,2264,1.145666960799065,1.145666960799065,1.7637452351554226,1.0,0.1349864958089049,10,1.0,1.0,1.0,-18.229532072132958,177,0.0,100.0,2017-05-16,2026-09-01,False
1.0,1,2264,1.145666960799065,1.145666960799065,1.7637452351554226,1.0,0.1349864958089049,10,1.0,1.0,1.0,-18.229532072132958,177,0.0,100.0,2017-05-16,2026-09-01,False
1.0,1,2264,1.145666960799065,1.145666960799065,1.7637452351554226,1.0,0.1349864958089049,10,1.0,1.0,1.0,-18.229532072132958,177,0.0,100.0,2017-05-16,2026-09-01,False
1.0,1,2264,1.145666960799065,1.145666960799065,1.7637452351554226,1.0,0.1349864958089049,10,1.0,1.0,1.0,-18.229532072132958,177,0.0,100.0,2017-05-16,2026-09-01,False
1.0,1,2264,1.145666960799065,1.145666960799065,1.7637452351554226,1.0,0.1349864958089049,10,1.0,1.0,1.0,-18.229532072132958,177,0.0,100.0,2017-05-16,2026-09-01,False
1.0,1,2264,1.145666960799065,1.145666960799065,1.7637452351554226,1.0,0.1349864958089049,10,1.0,1.0,1.0,-18.229532072132958,177,0.0,100.0,2017-05-16,2026-09-01,False
1.0,1,2264,1.145666960799065,1.145666960799065,1.7637452351554226,1.0,0.1349864958089049,10,1.0,1.0,1.0,-18.229532072132958,177,0.0,100.0,2017-05-16,2026-09-01,False
1.0,1,2264,1.145666960799065,1.145666960799065,1.7637452351554226,1.0,0.1349864958089049,10,1.0,1.0,1.0,-18.229532072132958,177,0.0,100.0,2017-05-16,2026-09-01,False
1.0,1,2264,1.145666960799065,1.145666960799065,1.7637452351554226,1.0,0.1349864958089049,10,1.0,1.0,1.0,-18.229532072132958,177,0.0,100.0,2017-05-16,2026-09-01,False
1.0,1,2264,1.145666960799065,1.145666960799065,1.7637452351554226,1.0,0.1349864958089049,10,1.0,1.0,1.0,-18.229532072132958,177,0.0,100.0,2017-05-16,2026-09-01,False
