panel,family,feature,n,corr_same_day,IC_2009_2013,IC_2014_2018,IC_2019_2022,IC_2023_2026,IC_sign_agree,corr_spot_h1,corr_spot_h2
monthly,call,call_oi_total,4335,-0.06414852977144737,-0.05518766986033533,-0.014259710540277208,-0.012848692152764758,-0.0453970149144096,1.0,0.11286746672758763,-0.6376465285727816
monthly,call,call_cog,4335,-0.25750545014989884,0.06325228777687736,0.0075741236703997525,0.020737240806927827,0.030070715339946874,1.0,-0.29091990595052075,-0.24528371856997414
monthly,call,call_disp,4335,0.015166513044528315,0.0858753141579003,-7.774693569272127e-05,0.030880909582808747,0.05430795708848959,0.75,-0.6461595168278517,0.016851511359564555
monthly,call,call_otm_share,4335,-0.33646319395259955,0.026572979803959076,-0.011560449602442409,-0.015311315417509914,0.0088998282265302,0.5,0.024327650747123765,-0.24583452039378167
monthly,call,call_far_share,4335,-0.2783106094154577,0.08182339075613058,-0.0022491147086463833,0.021985032635904164,0.05903232870777418,0.75,-0.4083554969435214,0.03677320282964201
monthly,call,call_wall,4335,-0.14585659661970973,0.08393729452400538,-0.04414952869645335,0.028599951292220822,0.07650606933188979,0.75,-0.42705964951383474,0.051600926941724516
monthly,call,call_front_share,4335,-0.0061171843165589756,-0.000545103191255593,-0.025113247588544958,-0.035113713550344254,0.007911285600847648,0.75,-0.10749600612005461,0.03785769303280368
monthly,call,call_churn,4335,-0.011392547638983685,0.010637811767784262,-0.005596686891940281,-0.01899210283004448,-0.003935518895558266,0.25,-0.21296818073098633,0.015122486130684065
monthly,call,call_oi_growth,4334,-0.07933103878354321,0.03415362907696358,-0.025382638821272775,0.02403856228321812,-0.010089320437863326,0.5,0.004859967744995971,-0.001684677727626236
monthly,call,call_cog_chg,4334,-0.8147066076444317,0.030332135968189768,0.004709029176124711,-0.01109524813105789,0.0049635485400645486,0.75,0.003145272238904981,-0.006129905725998278
monthly,call,call_far_chg,4334,-0.6628698486484471,0.008161587304796976,0.001138455742261942,0.00422199282268941,-0.0028817272968778137,0.75,0.0014422587549710434,-0.0021472329744611643
monthly,comb,pcr_oi,4335,0.15270775578217807,-0.010578952184598502,0.039858821532835896,0.02784334202405549,0.04023089426887378,0.25,0.4135548751194064,-0.02166862032407078
monthly,comb,pcr_vol,4335,0.09961549781902715,0.0519203955711004,0.07198591167604662,-0.016825331745907276,0.07131327787645664,0.75,0.34403889743656735,0.012023509846743503
monthly,comb,pcr_oi_chg,4334,0.4330035691053255,-0.040061061322974344,0.03863027837926492,0.002729278829234482,-0.007790822446364439,0.5,-0.013841889017035697,-0.0019139578871986598
monthly,comb,pcr_far,4331,0.009798772577783055,-0.0462575460181541,0.009706081433088954,0.001883374753861043,-0.0015880329654023168,0.5,-0.021731869303695753,0.10204627869653733
monthly,comb,pcr_atm,4335,-0.4502813472632372,0.033876943863503935,0.016924732822764094,0.01664185887198598,0.0050486521850146605,1.0,-0.05997721470133253,-0.08102345129995514
monthly,comb,cog_gap,4335,-0.005696770872791578,0.07656415156604611,0.009128567860218218,0.04194705760485286,0.05789434291534325,1.0,-0.4777725843268153,0.33691283737077643
monthly,comb,cog_mid,4335,-0.29706668852511725,0.03409803962283639,-0.001365335612720696,0.00650434081558708,-0.01914570544157621,0.5,-0.10914982791586517,-0.44288144589384604
monthly,comb,far_asym,4335,0.360168794527668,-0.04259303423494334,-0.000543123143180432,-0.006536837974691351,0.0036755907469251878,0.75,0.16701398077586613,0.16800717219256042
monthly,comb,wall_gap,4335,0.005626656376100476,0.06746928418434901,-0.022947159807439537,-0.007305652174715875,0.06272066051621727,0.5,-0.5918382792766602,0.4157214950992628
monthly,comb,wall_mid,4335,-0.18477005919298298,0.03952093771415624,-0.052408615036662394,0.02329377191849261,-0.023501242131071878,0.5,0.15491113313770613,-0.3609024395900862
monthly,comb,churn_ratio,4335,-0.07855254682724315,0.03613015499523079,0.023647425087119794,-0.04033410862637703,0.002428435831646207,0.75,-0.1614994105541658,0.010684888977169153
monthly,comb,oi_growth_diff,4334,-0.4330035691053258,0.040061061322974344,-0.03863027837926492,-0.002729278829234482,0.007790822446364439,0.5,0.013841889017035728,0.0019139578871986544
monthly,comb,disp_ratio,4335,-0.011174360841144171,-0.07715311738841658,-0.012655532677785727,0.0051600997860302405,0.016043147652926384,0.5,0.51071544882687,0.38476199739294736
monthly,comb,front_diff,4335,-0.1467805387867466,-0.012322192551830095,-0.02977797642385044,-0.008241147717189494,0.003486183853489966,0.75,-0.0013342820608473998,-0.04763722099294081
monthly,comb,max_pain,2585,-0.4304787653892754,-0.008174963075453314,-0.01980971011930753,-0.015103265194727962,0.010672423345457939,0.75,0.1528799389534803,-0.25153703992579607
all,call,call_oi_total,4335,-0.11009494136062346,-0.056640507565301236,-0.03498639902948335,-0.018747724563494984,-0.012136145405437634,1.0,0.3191667608935113,-0.730782130496015
all,call,call_cog,4335,-0.27265639653000706,0.061848071178131875,0.007698197488493894,0.02669010142259774,0.01804070474457805,1.0,-0.35548088615067686,-0.22379871820961406
all,call,call_disp,4335,0.018796219079663695,0.08359269344414638,0.01797085801854735,0.03450982764339348,0.004738266984248192,1.0,-0.6915186919919274,-0.20470277563222447
all,call,call_otm_share,4335,-0.4203982308435771,0.022339834398808118,-0.02764166017155457,-0.009553553564991438,0.013248299179782581,0.5,0.012642945699664301,-0.023480549547380682
all,call,call_far_share,4335,-0.27685543244445404,0.07859947992671827,0.0063377457046512094,0.031124210427925965,0.02422796359736186,1.0,-0.5042700865933519,-0.00881446743989321
all,call,call_wall,4335,-0.19288669059422453,0.084251223701264,-0.05564453621345402,0.0627150455753838,0.04684192240179347,0.75,-0.43495872411476794,0.09211916403826453
all,call,call_front_share,4335,0.0026317487251745785,-0.00194386860729195,0.0028205736514917683,-0.031019776913774996,-0.012267038077650961,0.75,-0.16385945478836125,-0.07562492031339539
all,call,call_churn,4335,0.0313664473746777,0.022907250605677013,-0.029478791107680733,-0.0139194191795814,0.05611818472246335,0.5,0.20829108792057208,0.5263528007225916
all,call,call_oi_growth,4334,-0.16166910099299214,0.028263653288377773,-0.06394941126420733,-0.027985651400857584,0.02204190525514046,0.5,0.003751691032456514,-0.0015904222966131943
all,call,call_cog_chg,4334,-0.7652816733732487,0.03341178729476065,0.0162691038453111,-0.013758001396020318,-0.008622882846796328,0.5,0.004556997575675925,-0.005052062562303742
all,call,call_far_chg,4334,-0.6661233462772392,0.0090705323580759,0.019860201642757837,0.011996045447666259,0.0012924088571837102,1.0,0.0026636186467049352,-0.003515045231079339
all,comb,pcr_oi,4335,0.30234569329081595,-0.009989628808371051,0.04192459711147072,0.026999033532815464,0.009230693568734518,0.25,0.39551220387418273,-0.13428023123038446
all,comb,pcr_vol,4335,0.212022036220805,0.0505890919767017,0.06068942478239349,0.008583489882333461,0.0035942998012350683,1.0,0.3343751293453293,-0.10922780410860794
all,comb,pcr_oi_chg,4334,0.5900354148866251,-0.029311461484054318,0.04909586792700769,-0.018254968695636555,-0.0014647673489599847,0.75,-0.011850330381411516,0.0011786634078723914
all,comb,pcr_far,4331,0.010702064253254642,-0.046088235918338404,0.012819210437138824,0.00022438545256791298,-0.0058086035989834755,0.5,-0.021568341863289448,0.03884107931393367
all,comb,pcr_atm,4335,-0.46082774662550513,0.037292453763512076,-0.01678807611531052,0.021165661580555675,0.037552000823682964,0.75,-0.011640087338673877,-0.008791918303599934
all,comb,cog_gap,4335,-0.02139394824227805,0.06517153427869918,0.022683727028363045,0.05443395748917365,0.025484108087960273,1.0,-0.6913956668579799,0.10866959283389067
all,comb,cog_mid,4335,-0.3232143380649748,0.032053453393743554,-0.010010976510449479,-0.001324772329606429,-0.006589892137251333,0.25,-0.05995208446830897,-0.3140144927085349
all,comb,far_asym,4335,0.3817166995085401,-0.04244712427882244,0.012210347919008102,0.004976228016075591,-0.007941074278211216,0.5,0.10849447006139729,0.07977255590739467
all,comb,wall_gap,4335,-0.017193121247101234,0.06843804371359659,-0.012110545249886069,0.019877897787658774,0.022620351295902598,0.75,-0.6184515170412483,0.28762008319622046
all,comb,wall_mid,4335,-0.20359106668475724,0.037602910004612106,-0.07601195790794492,0.046032615116521645,0.048271632155952274,0.75,0.1858473228444444,-0.22352768773078915
all,comb,churn_ratio,4335,-0.20219177964532117,0.03164183428443186,0.007510077959468046,-0.025083528346848558,-0.018194087187285095,0.5,-0.1945573244073334,0.051715888224977705
all,comb,oi_growth_diff,4334,-0.5900354148866253,0.029311461484054318,-0.04909586792700769,0.018254968695636555,0.0014647673489599847,0.75,0.01185033038141154,-0.0011786634078724155
all,comb,disp_ratio,4335,-0.021193321452276086,-0.07756471473358047,-0.02504330483147332,0.00038234184796861353,0.03689229891502735,0.5,0.546312636968652,0.4584929311895024
all,comb,front_diff,4335,-0.0024053717666031008,-0.00968460558043141,-0.01936749250961279,-0.00311309070439677,-0.01578199392386441,1.0,-0.019542489766011625,-0.12551063111296235
all,comb,max_pain,2585,-0.4304787653892754,-0.008174963075453314,-0.01980971011930753,-0.015103265194727962,0.010672423345457939,0.75,0.1528799389534803,-0.25153703992579607
