regime,signal,variant,lag,declared,recommended,sign,enabled,sources,live_date,pre_normalized,variants,rec_variants,shift_override,SR_IS,SR_OOS,SR_net,SR_gross,SR_of_SR,positive_years,yr_sr_min,n_years,beta,mean_exec_w,abs_exec_w,max_dd_pct,max_dd_days,turnover_ann,held_pct,n_bars,start_date,end_date,gate_srsr,gate_posyr,gate_beta,gate_nyr,n_gates,beta_per_w,gate_beta_raw,passes
full,lt_top10_bsdiff_selftanh_w15,c2c,2,True,True,1,True,large_trader+mtx_1d,2026-08-08,False,c2c|o2o|day|noonpause|night|ongap,c2c,-,0.8424940115376103,0.4999502228959397,0.7551207712739073,0.8454393784300659,0.7351162770835948,0.7222222222222222,-1.3645894928565232,18,-0.0667942717203461,-0.0025335003526791,0.6707670028290651,-24.72478743660167,400,73.48047484106519,99.555659494855,4276,2009-04-03,2026-09-01,True,True,True,True,4,-0.1,True,True
full,lt_top10_bsdiff_selftanh_w15,o2o,2,True,False,1,True,large_trader+mtx_1d,2026-08-08,False,c2c|o2o|day|noonpause|night|ongap,c2c,-,0.9250194274461296,0.4755838278974014,0.8204097538997026,0.9120128225363524,0.6975517266498761,0.7222222222222222,-1.325290355568636,18,-0.0721987458326959,-0.0025335003526791,0.6707670028290651,-24.16150959540877,466,73.48047484106519,99.555659494855,4276,2009-04-03,2026-09-01,True,True,True,True,4,-0.108,True,True
full,lt_top10_bsdiff_selftanh_w15,day,1,True,False,1,True,large_trader+mtx_1d,2026-08-08,False,c2c|o2o|day|noonpause|night|ongap,c2c,-,0.9205826868848284,0.2864700146970779,0.8081268887002236,0.9383594415107708,0.6657179320613069,0.7777777777777778,-0.9783820210093734,18,-0.0322395995918685,-0.0023660774938328,0.6707770021426269,-15.04762163992002,649,73.46463575089233,99.55576338555062,4277,2009-04-02,2026-09-01,True,True,True,True,4,-0.048,True,True
full,lt_top10npct_signth_w60,c2c,2,True,False,1,True,large_trader+mtx_1d,2026-07-29,False,c2c|o2o|day|noonpause|night|ongap,day,-,0.5449726466207008,0.7054449317232578,0.5704357458264631,0.6309369028095667,0.7357812722568324,0.6666666666666666,-0.5815901700375118,18,-0.0788429226338178,-0.0054374994482198,0.6160543999621813,-26.059476106030576,706,49.43409104855248,98.69219990658571,4282,2009-03-26,2026-09-01,True,True,True,True,4,-0.128,True,True
full,lt_top10npct_signth_w60,o2o,2,True,False,1,True,large_trader+mtx_1d,2026-07-29,False,c2c|o2o|day|noonpause|night|ongap,day,-,0.7484575637258403,0.344899374121413,0.6602469033699283,0.7224572185770186,0.6843985424673544,0.7777777777777778,-1.527788145044143,18,-0.1082568475868992,-0.0054374994482198,0.6160543999621813,-29.210776087586044,526,49.43409104855248,98.69219990658571,4282,2009-03-26,2026-09-01,True,True,False,True,3,-0.176,True,False
full,lt_top10npct_signth_w60,day,1,True,True,1,True,large_trader+mtx_1d,2026-07-29,False,c2c|o2o|day|noonpause|night|ongap,day,-,0.8899221255391998,0.0691943069648757,0.7425577173075938,0.8309643168444083,0.5430141340061493,0.7777777777777778,-1.51807914094123,18,-0.0986720715393331,-0.0052431416955011,0.6161036510374751,-16.763586559176424,819,49.42272055797749,98.69250525332713,4283,2009-03-25,2026-09-01,False,True,False,True,2,-0.16,True,False
full,month_turn_drift_d5_d10,c2c,2,True,True,1,True,mtx_1d,2026-08-09,True,c2c|o2o|day|noonpause|night|ongap,c2c,-,0.5816490251475319,1.1849459982085138,0.656669734330116,0.6812185741225512,0.8046238897341524,0.6923076923076923,-1.147503208657419,26,0.7293631795156196,0.7265749920051168,0.7265749920051168,-75.51588609574956,743,22.927406459865686,72.65749920051168,6254,2001-04-11,2026-09-01,True,True,False,True,3,1.004,False,False
full,month_turn_drift_d5_d10,o2o,2,True,False,1,True,mtx_1d,2026-08-09,True,c2c|o2o|day|noonpause|night|ongap,c2c,-,0.5167740052018596,1.159657415250695,0.591053773338395,0.614434572282511,0.7790627610045296,0.7307692307692307,-0.7445888190354113,26,0.7527421992808688,0.7265749920051168,0.7265749920051168,-68.31979136134494,619,22.927406459865686,72.65749920051168,6254,2001-04-11,2026-09-01,True,True,False,True,3,1.036,False,False
full,month_turn_drift_d5_d10,day,1,True,False,1,True,mtx_1d,2026-08-09,True,c2c|o2o|day|noonpause|night|ongap,c2c,-,0.1466481689137602,0.4043582253727306,0.1701559706688089,0.2013313962619095,0.2816862981457987,0.6153846153846154,-1.142560022457893,26,0.7327865078195148,0.7266187050359713,0.7266187050359713,-38.02757588499361,1768,22.923741007194245,72.66187050359713,6255,2001-04-10,2026-09-01,False,False,False,True,1,1.008,False,False
full,nfci_loose_drift_d3_12,c2c,2,True,True,1,True,nfci+mtx_1d,2026-08-08,True,c2c|o2o|day|noonpause|night|ongap,c2c,-,0.5384721682518178,1.6734859905767856,0.6740493633601281,0.6819497155270339,0.8531330958485664,0.75,-0.7035948887886398,24,0.1533851594432851,0.1905980172689478,0.1905980172689478,-19.138060654387377,550,3.586184841701311,19.059801726894783,6254,2001-04-11,2026-09-01,True,True,False,True,3,0.805,False,False
full,nfci_loose_drift_d3_12,o2o,2,True,False,1,True,nfci+mtx_1d,2026-08-08,True,c2c|o2o|day|noonpause|night|ongap,c2c,-,0.5150890597210813,1.5026773814525027,0.6367495435450146,0.6443173291993264,0.8762292396334546,0.75,-0.6345663672005183,24,0.1597639226784209,0.1905980172689478,0.1905980172689478,-19.507468604787647,557,3.586184841701311,19.059801726894783,6254,2001-04-11,2026-09-01,True,True,False,True,3,0.838,False,False
full,nfci_loose_drift_d3_12,day,1,True,False,1,True,nfci+mtx_1d,2026-08-08,True,c2c|o2o|day|noonpause|night|ongap,c2c,-,0.1403113440898447,0.1390120404321134,0.1400730836344013,0.1499771077396685,0.2523830151476354,0.5416666666666666,-1.4958757093820103,24,0.1644785253007513,0.1905675459632294,0.1905675459632294,-19.908073686119188,1650,3.62589928057554,19.056754596322943,6255,2001-04-10,2026-09-01,False,False,False,True,1,0.863,False,False
full,opt_call_all_oi_signth_w20,c2c,2,True,False,-1,False,options+mtx_1d,2026-07-29,False,c2c|o2o|day|noonpause|night|ongap,-,-,0.0560086113681813,-0.2133077302872044,0.0193746316318829,0.1159118929813663,0.1354072982737848,0.44,-2.4042286901225287,25,-0.0705312962166813,-0.0031463883382187,0.5850868954260905,-68.40000987322836,4434,87.62675958159718,97.3732335827099,6015,2002-04-04,2026-09-01,False,False,True,True,2,-0.121,True,False
full,opt_call_all_oi_signth_w20,o2o,2,True,False,-1,False,options+mtx_1d,2026-07-29,False,c2c|o2o|day|noonpause|night|ongap,-,-,0.1709893359346625,0.1289998164420474,0.1651846111823271,0.2611797901897874,0.220510101725337,0.56,-1.9269406723185785,25,-0.0438260489654792,-0.0031463883382187,0.5850868954260905,-59.697681054384944,1694,87.62675958159718,97.3732335827099,6015,2002-04-04,2026-09-01,False,False,True,True,2,-0.075,True,False
full,opt_call_all_oi_signth_w20,day,1,True,False,-1,False,options+mtx_1d,2026-07-29,False,c2c|o2o|day|noonpause|night|ongap,-,-,0.1393483209864565,-0.3695592985600027,0.0900247220884819,0.2195016993260954,0.1526871301900949,0.64,-2.816938313978786,25,-0.050393186884862,-0.0030164856257436,0.585119019999642,-36.702387421676974,3142,87.65274555257454,97.37367021276596,6016,2002-04-03,2026-09-01,False,False,True,True,2,-0.086,True,False
full,opt_put_mo_oi_selftanh_w60,c2c,2,True,False,-1,False,options+mtx_1d,2026-07-29,False,c2c|o2o|day|noonpause|night|ongap,o2o,-,-0.024561360373113,0.4886093021771964,0.0414296786253083,0.0964794206537665,0.057486146526821,0.56,-2.141705269520284,25,0.1059352979711837,0.0317317363154276,0.6384155008246609,-77.11988557038445,5408,41.42465721579718,99.61577013030404,5986,2002-05-17,2026-09-01,False,False,False,True,1,0.166,True,False
full,opt_put_mo_oi_selftanh_w60,o2o,2,True,True,-1,False,options+mtx_1d,2026-07-29,False,c2c|o2o|day|noonpause|night|ongap,o2o,-,0.0472491493910914,0.143348468487982,0.0586477998034309,0.1132347661012559,0.0351473507847052,0.6,-2.826228574553181,25,0.0824484166525299,0.0317317363154276,0.6384155008246609,-80.90496740571666,4101,41.42465721579718,99.61577013030404,5986,2002-05-17,2026-09-01,False,False,True,True,2,0.129,True,False
full,opt_put_mo_oi_selftanh_w60,day,1,True,False,-1,False,options+mtx_1d,2026-07-29,False,c2c|o2o|day|noonpause|night|ongap,o2o,-,0.0148809145470723,-0.595615115663103,-0.046656296395434,0.0255670113498024,-0.0116256445982157,0.56,-2.40976075505104,25,0.0800465177474527,0.0318359091265163,0.6384183401190452,-39.22573875274646,3139,41.41903190177167,99.6158343076666,5987,2002-05-16,2026-09-01,False,False,True,True,2,0.125,True,False
full,tv_taiex_over_spy_chg_ratio_n60_pctw120,c2c,2,True,True,-1,True,us_indexes+mtx_1d,2026-07-29,False,c2c|o2o|day|noonpause|night|ongap,c2c,-,0.3814995690065867,0.712724221508245,0.422815122867098,0.4925235112586649,0.5510082659447881,0.68,-1.2035154004182325,25,-0.0122621322589312,0.0092428786762246,0.4352545882372015,-35.14810762173728,1688,44.1685080453569,98.70675176352032,5954,2002-04-11,2026-09-01,False,True,True,True,3,-0.028,True,False
full,tv_taiex_over_spy_chg_ratio_n60_pctw120,o2o,2,True,False,-1,True,us_indexes+mtx_1d,2026-07-29,False,c2c|o2o|day|noonpause|night|ongap,c2c,-,0.3645040911313059,0.7608213223984478,0.4130552943251911,0.485273438017972,0.5204529313266443,0.64,-1.0985711852807096,25,-0.0008861873500468,0.0092428786762246,0.4352545882372015,-34.729324910286216,1728,44.1685080453569,98.70675176352032,5954,2002-04-11,2026-09-01,False,False,True,True,2,-0.002,True,False
full,tv_taiex_over_spy_chg_ratio_n60_pctw120,day,1,True,False,-1,True,us_indexes+mtx_1d,2026-07-29,False,c2c|o2o|day|noonpause|night|ongap,c2c,-,0.3594019513026831,0.7164404047514729,0.392738557079024,0.4895470853794287,0.6027184685435687,0.68,-0.7013956820419049,25,0.0118369884260215,0.0092428786762246,0.4352545882372015,-24.575525063645728,906,44.1685080453569,98.70675176352032,5954,2002-04-10,2026-08-31,True,True,True,True,4,0.027,True,True
full,us_log_ratio_pct_chg_w120,c2c,2,True,False,1,True,us_indexes+mtx_1d,2026-07-29,False,c2c|o2o|day|noonpause|night|ongap,-,-,0.3039842092509354,1.012097093873904,0.3997079803113821,0.4253999267767017,0.5705326276294304,0.76,-1.4071246813169156,25,-0.1029219935181787,0.0453914174893319,0.6533706567825086,-58.95335429370295,1859,21.7105213242911,99.50592885375494,6072,2002-01-03,2026-09-01,False,True,False,True,2,-0.158,True,False
full,us_log_ratio_pct_chg_w120,o2o,2,True,False,1,True,us_indexes+mtx_1d,2026-07-29,False,c2c|o2o|day|noonpause|night|ongap,-,-,0.32262180712855,1.2154903435441562,0.440624526322602,0.4663299143820308,0.6373557673954029,0.84,-1.3673653121384286,25,-0.0752076270077713,0.0453914174893319,0.6533706567825086,-59.210739253482814,1870,21.7105213242911,99.50592885375494,6072,2002-01-03,2026-09-01,True,True,True,True,4,-0.115,True,True
full,us_log_ratio_pct_chg_w120,day,1,True,False,1,True,us_indexes+mtx_1d,2026-07-29,False,c2c|o2o|day|noonpause|night|ongap,-,-,0.1903679066779686,0.5851737043646087,0.231522185839874,0.2651182482148485,0.620531379057412,0.72,-1.5250860057827818,25,-0.0972178673514132,0.0453914174893319,0.6533706567825086,-52.37866094563982,3022,21.7105213242911,99.50592885375494,6072,2002-01-02,2026-08-31,True,True,True,True,4,-0.149,True,True
full,us_sox_agree_amp_n20_robustw20,c2c,2,True,False,1,True,us_indexes+mtx_1d,2026-07-29,False,c2c|o2o|day|noonpause|night|ongap,-,-,0.2421718603759639,0.8980801018994201,0.3336581177160955,0.4304947670963598,0.4015897420183881,0.6153846153846154,-2.268052776053034,26,-0.0149255993679471,0.0106650205480113,0.3806067355028508,-42.42523358834028,1682,50.79074230653983,98.34082267542344,5786,2001-09-11,2026-09-01,False,False,True,True,2,-0.039,True,False
full,us_sox_agree_amp_n20_robustw20,o2o,2,True,False,1,True,us_indexes+mtx_1d,2026-07-29,False,c2c|o2o|day|noonpause|night|ongap,-,-,0.306250724498155,0.7234260008145252,0.3573440857138028,0.4525673902006225,0.5823408939035587,0.7692307692307693,-1.8894012154612951,26,-0.0273240478727715,0.0106650205480113,0.3806067355028508,-30.548190227427103,1590,50.79074230653983,98.34082267542344,5786,2001-09-11,2026-09-01,False,True,True,True,3,-0.072,True,False
full,us_sox_agree_amp_n20_robustw20,day,1,True,False,1,True,us_indexes+mtx_1d,2026-07-29,False,c2c|o2o|day|noonpause|night|ongap,-,-,0.1463033155573889,0.3150658561560516,0.1636173444510922,0.2897965309494274,0.3711399951359496,0.5769230769230769,-1.917385094889173,26,-0.0218663038942978,0.0106650205480113,0.3806067355028508,-36.27447829581645,4383,50.79074230653983,98.34082267542344,5786,2001-09-10,2026-08-31,False,False,True,True,2,-0.057,True,False
full,us_sox_spy_ret_product_n5_pctw20,c2c,2,True,False,1,True,us_indexes+mtx_1d,2026-07-29,False,c2c|o2o|day|noonpause|night|ongap,-,-,0.1433369960788746,0.7054759637378837,0.2107431283566653,0.3487438833063889,0.2643433353717302,0.6923076923076923,-2.139218032247475,26,0.0649789703127357,0.0089621648117645,0.3771366543746988,-53.456576752855,3266,83.77993081336943,96.83800875628344,6167,2001-08-15,2026-09-01,False,True,False,True,2,0.172,True,False
full,us_sox_spy_ret_product_n5_pctw20,o2o,2,True,False,1,True,us_indexes+mtx_1d,2026-07-29,False,c2c|o2o|day|noonpause|night|ongap,-,-,-0.0478309757451248,1.3170985953443488,0.1012129582669765,0.2324440363646106,0.2069919818563912,0.5384615384615384,-1.7657402441160823,26,0.0761628920892948,0.0089621648117645,0.3771366543746988,-87.17242334576152,6095,83.77993081336943,96.83800875628344,6167,2001-08-15,2026-09-01,False,False,False,True,1,0.202,True,False
full,us_sox_spy_ret_product_n5_pctw20,day,1,True,False,1,True,us_indexes+mtx_1d,2026-07-29,False,c2c|o2o|day|noonpause|night|ongap,-,-,-0.1503347943606394,0.7476218506038892,-0.0701779079777079,0.1049742656584522,0.0683203595878496,0.4615384615384615,-2.1520223818707467,26,0.0523332851773787,0.0089621648117645,0.3771366543746988,-85.50015973010169,6129,83.77993081336943,96.83800875628344,6167,2001-08-14,2026-08-31,False,False,True,True,2,0.139,True,False
full,us_sox_spy_rollcorr_w60_rz_w120,c2c,2,True,False,1,True,us_indexes+mtx_1d,2026-07-29,False,c2c|o2o|day|noonpause|night|ongap,-,-,0.0679408414393096,0.5438274930276459,0.1293328060703686,0.149570200572574,0.2453953358938426,0.56,-1.4883464372643649,25,0.0721999907021726,0.0221450410855218,0.5851966728724081,-58.92622912734635,4353,14.37082789463815,99.28972580112324,6054,2002-01-29,2026-09-01,False,False,True,True,2,0.123,True,False
full,us_sox_spy_rollcorr_w60_rz_w120,o2o,2,True,False,1,True,us_indexes+mtx_1d,2026-07-29,False,c2c|o2o|day|noonpause|night|ongap,-,-,0.1012564438646689,0.5103396572495409,0.15016754730089,0.1697867906923429,0.3240521581106529,0.68,-1.1656515125070837,25,0.0943739685319574,0.0221450410855218,0.5851966728724081,-47.28582384858476,1838,14.37082789463815,99.28972580112324,6054,2002-01-29,2026-09-01,False,True,False,True,2,0.161,True,False
full,us_sox_spy_rollcorr_w60_rz_w120,day,1,True,False,1,True,us_indexes+mtx_1d,2026-07-29,False,c2c|o2o|day|noonpause|night|ongap,-,-,0.1764675637394259,0.0379309240266216,0.1623371171128627,0.188729979752593,0.1413504604813804,0.48,-1.444719709234314,25,0.085762454895689,0.022018326039481,0.5852230837542941,-31.87803419059297,1337,14.375268151756758,99.289843104872,6055,2002-01-28,2026-09-01,False,False,True,True,2,0.147,True,False
night,lt_top10_bsdiff_selftanh_w15,c2c,2,True,True,1,True,large_trader+mtx_1d,2026-08-08,False,c2c|o2o|day|noonpause|night|ongap,c2c,-,1.25721505161702,0.4999502228959397,0.9469188414614352,1.0197079142053371,0.8009733963236184,0.7,-0.8243405243916911,10,-0.0494404268722282,0.0051073881500251,0.6696496813155032,-24.72478743660167,253,79.67889597835769,99.4711326575584,2269,2017-05-16,2026-09-01,True,True,True,True,4,-0.074,True,True
night,lt_top10_bsdiff_selftanh_w15,o2o,2,True,False,1,True,large_trader+mtx_1d,2026-08-08,False,c2c|o2o|day|noonpause|night|ongap,c2c,-,1.179883001289321,0.4755838278974014,0.8973596036781571,0.9729461387352046,0.5705101314066056,0.7,-1.770255240368641,10,-0.0382972142445706,0.0051073881500251,0.6696496813155032,-24.16150959540877,240,79.67889597835769,99.4711326575584,2269,2017-05-16,2026-09-01,False,True,True,True,3,-0.057,True,False
night,lt_top10_bsdiff_selftanh_w15,day,1,True,False,1,True,large_trader+mtx_1d,2026-08-08,False,c2c|o2o|day|noonpause|night|ongap,c2c,-,0.6687782883199448,0.2864700146970779,0.5367233234854959,0.6523438360344058,0.2467872422748445,0.7,-2.1508365069619324,10,-0.0284482544796002,0.0050563188583349,0.6695986120238129,-13.279604910707777,649,79.68005098769477,99.4711326575584,2269,2017-05-16,2026-09-01,False,True,True,True,3,-0.042,True,False
night,lt_top10_bsdiff_selftanh_w15,noonpause,1,True,False,1,True,large_trader+mtx_1d,2026-08-08,False,c2c|o2o|day|noonpause|night|ongap,c2c,-,-1.5201309651224886,-0.6915975818218598,-0.932332879190132,-0.5495472264715839,-1.826199680967392,0.0,-3.2953773174133483,10,0.3815924088758655,0.0056076319777348,0.669828267702904,-24.48577380419092,2186,79.64440813770993,99.51391957578436,2263,2017-05-16,2026-08-31,False,False,False,True,1,0.57,False,False
night,lt_top10_bsdiff_selftanh_w15,night,1,True,False,1,True,large_trader+mtx_1d,2026-08-08,False,c2c|o2o|day|noonpause|night|ongap,c2c,-,0.9939067317449592,0.9871269801813476,0.9597017557160245,1.0812414173830558,0.8097279667133616,0.7,-0.9085256249619668,10,-0.0541249891413652,0.0056076319777348,0.669828267702904,-9.106378345429778,299,79.64440813770993,99.51391957578436,2263,2017-05-16,2026-08-31,True,True,True,True,4,-0.081,True,True
night,lt_top10_bsdiff_selftanh_w15,ongap,1,True,False,1,True,large_trader+mtx_1d,2026-08-08,False,c2c|o2o|day|noonpause|night|ongap,c2c,-,-0.1184578759995076,-0.3538885595336333,-0.2055581409795553,-0.0129843266597378,-0.247471612278424,0.3,-1.655955353811827,10,0.1514895472411651,0.0054306885960335,0.6699229459490242,-31.137934218905,1561,79.65725729160772,99.46996466431096,2264,2017-05-16,2026-09-01,False,False,False,True,1,0.226,False,False
night,lt_top10npct_signth_w60,c2c,2,True,False,1,True,large_trader+mtx_1d,2026-07-29,False,c2c|o2o|day|noonpause|night|ongap,day,-,0.9152514481874252,0.7054449317232578,0.8157480221768981,0.8634092204130303,1.135323498880385,0.8,-0.2481238757576528,10,-0.0820322258978323,0.0150820654129007,0.6131919887385526,-26.059476106030544,333,52.72792935997271,99.4711326575584,2269,2017-05-16,2026-09-01,True,True,True,True,4,-0.134,True,True
night,lt_top10npct_signth_w60,o2o,2,True,False,1,True,large_trader+mtx_1d,2026-07-29,False,c2c|o2o|day|noonpause|night|ongap,day,-,0.979897324180544,0.344899374121413,0.730038908712839,0.7805667647719752,0.6092497107851435,0.8,-1.513890299273988,10,-0.0841855495073718,0.0150820654129007,0.6131919887385526,-29.210776087586133,406,52.72792935997271,99.4711326575584,2269,2017-05-16,2026-09-01,True,True,True,True,4,-0.137,True,True
night,lt_top10npct_signth_w60,day,1,True,True,1,True,large_trader+mtx_1d,2026-07-29,False,c2c|o2o|day|noonpause|night|ongap,day,-,0.8630592043642588,0.0691943069648757,0.5870910403663322,0.6627230495084144,0.2262146248209199,0.7,-2.3745633804657427,10,-0.1234242137976497,0.0158020423395621,0.6132009644389923,-16.763586559176346,801,52.72825297386249,99.4711326575584,2269,2017-05-16,2026-09-01,False,True,False,True,2,-0.201,True,False
night,lt_top10npct_signth_w60,noonpause,1,True,False,1,True,large_trader+mtx_1d,2026-07-29,False,c2c|o2o|day|noonpause|night|ongap,day,-,-0.98920246005467,-0.3479109822997597,-0.5272992876398716,-0.2966894349257122,-1.01521848341685,0.1,-2.246198447435872,10,0.439050306106592,0.0158154616979466,0.6132905643047426,-17.650252095762923,2214,52.78678894801873,99.4697304463102,2263,2017-05-16,2026-08-31,False,False,False,True,1,0.716,False,False
night,lt_top10npct_signth_w60,night,1,True,False,1,True,large_trader+mtx_1d,2026-07-29,False,c2c|o2o|day|noonpause|night|ongap,day,-,0.5002854740952257,0.9703190017060817,0.6677058131387897,0.745854973300074,0.9940472597427348,0.9,-0.3516168287139547,10,-0.0334448797681525,0.0158154616979466,0.6132905643047426,-14.54485335297206,436,52.78678894801873,99.4697304463102,2263,2017-05-16,2026-08-31,True,True,True,True,4,-0.055,True,True
night,lt_top10npct_signth_w60,ongap,1,True,False,1,True,large_trader+mtx_1d,2026-07-29,False,c2c|o2o|day|noonpause|night|ongap,day,-,0.078308894814869,0.0303817888561066,0.0576186193640655,0.1849994811261933,0.189605634018875,0.6,-1.4142731634112455,10,0.1384241191881937,0.0158305480792931,0.6137305867044714,-20.50706710259357,1561,52.757603735949225,99.46996466431096,2264,2017-05-16,2026-09-01,False,False,False,True,1,0.226,True,False
night,month_turn_drift_d5_d10,c2c,2,True,True,1,True,mtx_1d,2026-08-09,True,c2c|o2o|day|noonpause|night|ongap,c2c,-,0.9342963184195746,1.1849459982085138,1.0035921633294382,1.0211202852769203,1.2152537920221798,0.8,-0.5284402386952443,10,0.7570356506343383,0.7307183781401498,0.7307183781401498,-32.435360530651344,318,22.8788012340238,73.07183781401498,2269,2017-05-16,2026-09-01,True,True,False,True,3,1.036,False,False
night,month_turn_drift_d5_d10,o2o,2,True,False,1,True,mtx_1d,2026-08-09,True,c2c|o2o|day|noonpause|night|ongap,c2c,-,0.8113980485527577,1.159657415250695,0.9232435961504372,0.941010078268226,1.06741960105719,0.9,-0.6600864034617707,10,0.7819822666677465,0.7307183781401498,0.7307183781401498,-29.12646185455078,529,22.8788012340238,73.07183781401498,2269,2017-05-16,2026-09-01,True,True,False,True,3,1.07,False,False
night,month_turn_drift_d5_d10,day,1,True,False,1,True,mtx_1d,2026-08-09,True,c2c|o2o|day|noonpause|night|ongap,c2c,-,-0.0013133157791458,0.4043582253727306,0.1392281094535259,0.167200746132445,0.114080814317414,0.5,-1.05647944202029,10,0.7251522127125312,0.7307183781401498,0.7307183781401498,-24.811963818920944,1365,22.8788012340238,73.07183781401498,2269,2017-05-16,2026-09-01,False,False,False,True,1,0.992,False,False
night,month_turn_drift_d5_d10,noonpause,1,True,False,1,True,mtx_1d,2026-08-09,True,c2c|o2o|day|noonpause|night|ongap,c2c,-,0.2533411657262649,0.4552299000645719,0.3048099460497583,0.3948670266508474,0.4926863961220048,0.6,-0.7540533683492153,10,0.8398659161934456,0.7304463102076889,0.7304463102076889,-8.199768807376568,954,22.939460892620414,73.04463102076889,2263,2017-05-16,2026-08-31,False,False,False,True,1,1.15,False,False
night,month_turn_drift_d5_d10,night,1,True,False,1,True,mtx_1d,2026-08-09,True,c2c|o2o|day|noonpause|night|ongap,c2c,-,0.994390243908509,1.119649950527323,1.0026361929667016,1.03011994891445,1.671385071947694,0.9,-0.3362725048294829,10,0.7992300518878386,0.7304463102076889,0.7304463102076889,-15.432441541412013,293,22.939460892620414,73.04463102076889,2263,2017-05-16,2026-08-31,True,True,False,True,3,1.094,False,False
night,month_turn_drift_d5_d10,ongap,1,True,False,1,True,mtx_1d,2026-08-09,True,c2c|o2o|day|noonpause|night|ongap,c2c,-,0.2919182535788323,0.0780372093362629,0.1995699165670363,0.2454316094882337,0.4883792553218992,0.6,-0.634667183422157,10,0.8462929099897678,0.730565371024735,0.730565371024735,-18.341388846480807,607,22.929328621908127,73.0565371024735,2264,2017-05-16,2026-09-01,False,False,False,True,1,1.158,False,False
night,nfci_loose_drift_d3_12,c2c,2,True,True,1,True,nfci+mtx_1d,2026-08-08,True,c2c|o2o|day|noonpause|night|ongap,c2c,-,1.0610124630430355,1.6734859905767856,1.2650719006362174,1.272445608515409,1.633793056279797,1.0,0.6410326829034091,9,0.1512131740878877,0.2230057293962097,0.2230057293962097,-7.606438163403951,393,4.442485676509476,22.300572939620977,2269,2017-05-16,2026-09-01,True,True,False,True,3,0.678,False,False
night,nfci_loose_drift_d3_12,o2o,2,True,False,1,True,nfci+mtx_1d,2026-08-08,True,c2c|o2o|day|noonpause|night|ongap,c2c,-,1.1933486878086714,1.5026773814525027,1.2717783780387324,1.278970274398491,2.2671799635205003,1.0,0.5858740226769261,9,0.1682936558816583,0.2230057293962097,0.2230057293962097,-11.036113546157203,394,4.442485676509476,22.300572939620977,2269,2017-05-16,2026-09-01,True,True,False,True,3,0.755,False,False
night,nfci_loose_drift_d3_12,day,1,True,False,1,True,nfci+mtx_1d,2026-08-08,True,c2c|o2o|day|noonpause|night|ongap,c2c,-,0.6113339296607672,0.1390120404321134,0.4333717037528581,0.4454759430509338,0.469564530194625,0.6666666666666666,-1.4958757093820103,9,0.1471735576898292,0.2225650066108417,0.2225650066108417,-10.986086072888032,736,4.553547818422213,22.25650066108418,2269,2017-05-16,2026-09-01,False,True,False,True,2,0.661,True,False
night,nfci_loose_drift_d3_12,noonpause,1,True,False,1,True,nfci+mtx_1d,2026-08-08,True,c2c|o2o|day|noonpause|night|ongap,c2c,-,0.251596860595738,1.6501093681324912,0.8243767817543423,0.8930114979920032,0.6609954413599939,0.6666666666666666,-0.4660178429300489,9,0.0558572551266203,0.2227132125497127,0.2227132125497127,-0.7950094919174491,423,4.454264250994256,22.27132125497128,2263,2017-05-16,2026-08-31,True,True,False,True,3,0.251,True,False
night,nfci_loose_drift_d3_12,night,1,True,False,1,True,nfci+mtx_1d,2026-08-08,True,c2c|o2o|day|noonpause|night|ongap,c2c,-,1.208785220450403,1.716712346140384,1.3616082512027907,1.3732822188917595,1.829258978486485,1.0,0.4604675540334706,9,0.1588287889021615,0.2227132125497127,0.2227132125497127,-6.19130637110647,391,4.454264250994256,22.27132125497128,2263,2017-05-16,2026-08-31,True,True,False,True,3,0.713,False,False
night,nfci_loose_drift_d3_12,ongap,1,True,False,1,True,nfci+mtx_1d,2026-08-08,True,c2c|o2o|day|noonpause|night|ongap,c2c,-,0.0360877031824149,0.4196266967850194,0.1856068963130197,0.2053756088159029,0.3566703428963955,0.5555555555555556,-1.3118438139970574,9,0.1748936787592276,0.2226148409893993,0.2226148409893993,-6.390674608573008,1927,4.563604240282686,22.261484098939928,2264,2017-05-16,2026-09-01,False,False,False,True,1,0.786,False,False
night,opt_call_all_oi_signth_w20,c2c,2,True,False,-1,False,options+mtx_1d,2026-07-29,False,c2c|o2o|day|noonpause|night|ongap,-,-,0.6035433863525987,-0.2133077302872044,0.2779242975423766,0.4036174723613707,0.3338789164127049,0.6,-1.364457244090527,10,-0.0768153863830821,0.014148831028856,0.5595376249535137,-38.43344514899124,1212,141.67116435496723,95.90127809607758,2269,2017-05-16,2026-09-01,False,False,True,True,2,-0.137,True,False
night,opt_call_all_oi_signth_w20,o2o,2,True,False,-1,False,options+mtx_1d,2026-07-29,False,c2c|o2o|day|noonpause|night|ongap,-,-,0.6834715691246966,0.1289998164420474,0.4610403426872814,0.590309374151193,0.3876526712925828,0.7,-1.511559306863256,10,-0.0241920523908351,0.014148831028856,0.5595376249535137,-30.387921403789736,1078,141.67116435496723,95.90127809607758,2269,2017-05-16,2026-09-01,False,True,True,True,3,-0.043,True,False
night,opt_call_all_oi_signth_w20,day,1,True,False,-1,False,options+mtx_1d,2026-07-29,False,c2c|o2o|day|noonpause|night|ongap,-,-,0.3762137291358617,-0.3695592985600027,0.1283409995533574,0.3328792379584079,0.0003117565030457,0.6,-2.816938313978786,10,-0.0034702802462144,0.0144853954928648,0.5598741894175225,-28.034898959979245,936,141.77868236333265,95.90127809607758,2269,2017-05-16,2026-09-01,False,False,True,True,2,-0.006,True,False
night,opt_call_all_oi_signth_w20,noonpause,1,True,False,-1,False,options+mtx_1d,2026-07-29,False,c2c|o2o|day|noonpause|night|ongap,-,-,-0.9317531174372664,-0.2896620013883786,-0.4816256528670016,0.1059647755295256,-0.9592060894644918,0.1,-4.864893735861853,10,-0.5489173426733239,0.0134726392567731,0.5602469778551722,-16.12901223213982,2262,141.95323134061502,95.8904109589041,2263,2017-05-16,2026-08-31,False,False,False,True,1,-0.98,False,False
night,opt_call_all_oi_signth_w20,night,1,True,False,-1,False,options+mtx_1d,2026-07-29,False,c2c|o2o|day|noonpause|night|ongap,-,-,0.1599392516280059,-0.3786812978236622,-0.0560269953768577,0.1591587908231278,0.0986761034854928,0.5,-1.5919668892726124,10,-0.0716860776024298,0.0134726392567731,0.5602469778551722,-23.97183289172677,1484,141.95323134061502,95.8904109589041,2263,2017-05-16,2026-08-31,False,False,True,True,2,-0.128,True,False
night,opt_call_all_oi_signth_w20,ongap,1,True,False,-1,False,options+mtx_1d,2026-07-29,False,c2c|o2o|day|noonpause|night|ongap,-,-,-0.6582694926588638,-0.434368068548514,-0.551080233334245,-0.1880184922418523,-0.5141115065865156,0.3,-3.5277620935111105,10,-0.094051092429343,0.0138074162446667,0.5603445442642188,-27.69236311268501,1614,142.09037046697347,95.8922261484099,2264,2017-05-16,2026-09-01,False,False,False,True,1,-0.168,True,False
night,opt_put_mo_oi_selftanh_w60,c2c,2,True,False,-1,False,options+mtx_1d,2026-07-29,False,c2c|o2o|day|noonpause|night|ongap,o2o,-,0.5157957005117159,0.4886093021771964,0.4946403024866684,0.5371254631011942,0.4571808047759951,0.8,-1.9379076057640643,10,0.1231133253605945,0.0684338668314313,0.629122933552344,-23.30491474230614,390,42.722694821599774,99.4270603790216,2269,2017-05-16,2026-09-01,False,True,False,True,2,0.196,True,False
night,opt_put_mo_oi_selftanh_w60,o2o,2,True,True,-1,False,options+mtx_1d,2026-07-29,False,c2c|o2o|day|noonpause|night|ongap,o2o,-,0.4194595991120145,0.143348468487982,0.3130101428381223,0.3572416911917287,0.1577848666207244,0.8,-2.826228574553181,10,0.0714291689371415,0.0684338668314313,0.629122933552344,-26.396876213040542,603,42.722694821599774,99.4270603790216,2269,2017-05-16,2026-09-01,False,True,True,True,3,0.114,True,False
night,opt_put_mo_oi_selftanh_w60,day,1,True,False,-1,False,options+mtx_1d,2026-07-29,False,c2c|o2o|day|noonpause|night|ongap,o2o,-,0.066071490643451,-0.595615115663103,-0.1608721071172436,-0.0956082512362709,-0.1621093336149772,0.5,-2.40976075505104,10,0.0857786862485546,0.0691210041595361,0.6290135083055995,-36.16709906804183,1045,42.72492134954465,99.4270603790216,2269,2017-05-16,2026-09-01,False,False,True,True,2,0.136,True,False
night,opt_put_mo_oi_selftanh_w60,noonpause,1,True,False,-1,False,options+mtx_1d,2026-07-29,False,c2c|o2o|day|noonpause|night|ongap,o2o,-,-0.0308915678431298,-0.7704086699068237,-0.3475392908516485,-0.0745740320974678,-0.6002283771531304,0.3,-2.03808444613358,10,0.2464814459955904,0.0678594337773785,0.6291561955771015,-9.506791892021257,1198,42.79932139255688,99.42554131683606,2263,2017-05-16,2026-08-31,False,False,False,True,1,0.392,False,False
night,opt_put_mo_oi_selftanh_w60,night,1,True,False,-1,False,options+mtx_1d,2026-07-29,False,c2c|o2o|day|noonpause|night|ongap,o2o,-,0.2366097134727552,1.2012796022599377,0.5969310152826313,0.6679819504239201,0.3445721572576976,0.8,-2.531342914536629,10,0.0987472898985773,0.0678594337773785,0.6291561955771015,-13.202058964011869,492,42.79932139255688,99.42554131683606,2263,2017-05-16,2026-08-31,False,True,False,True,2,0.157,True,False
night,opt_put_mo_oi_selftanh_w60,ongap,1,True,False,-1,False,options+mtx_1d,2026-07-29,False,c2c|o2o|day|noonpause|night|ongap,o2o,-,0.3398675563762035,-0.231624348505882,0.1293573578153822,0.2503006199827601,0.1073166628727803,0.6,-1.251276774315786,10,0.0834954917597542,0.0681989541625176,0.6292002166070053,-15.32796733254289,1104,42.79911859377238,99.42579505300353,2264,2017-05-16,2026-09-01,False,False,True,True,2,0.133,True,False
night,tv_taiex_over_spy_chg_ratio_n60_pctw120,c2c,2,True,True,-1,True,us_indexes+mtx_1d,2026-07-29,False,c2c|o2o|day|noonpause|night|ongap,c2c,-,0.457632140376281,0.712724221508245,0.5424866121701118,0.5964245523674377,0.6723360626592542,0.8,-0.95420031090845,10,-0.0042264991499915,0.0442284936900434,0.4327419996805096,-24.856126482356768,758,43.63636317968167,98.35628609506884,2251,2017-05-16,2026-09-01,True,True,True,True,4,-0.01,True,True
night,tv_taiex_over_spy_chg_ratio_n60_pctw120,o2o,2,True,False,-1,True,us_indexes+mtx_1d,2026-07-29,False,c2c|o2o|day|noonpause|night|ongap,c2c,-,0.5410384060382812,0.7608213223984478,0.6112261461530696,0.6677050555182461,0.8245221320780469,0.7,-0.4616946361021573,10,0.0082340845265488,0.0442284936900434,0.4327419996805096,-20.23601297524609,452,43.63636317968167,98.35628609506884,2251,2017-05-16,2026-09-01,True,True,True,True,4,0.019,True,True
night,tv_taiex_over_spy_chg_ratio_n60_pctw120,day,1,True,False,-1,True,us_indexes+mtx_1d,2026-07-29,False,c2c|o2o|day|noonpause|night|ongap,c2c,-,0.795926290940151,0.7164404047514729,0.7661389004582363,0.8542730979113055,0.852890867413871,0.7,-0.405194456155792,10,-0.007036415480238,0.0441821287865197,0.4328683074463151,-9.871821000266072,315,43.55691187305251,98.35555555555555,2250,2017-05-16,2026-08-31,True,True,True,True,4,-0.016,True,True
night,tv_taiex_over_spy_chg_ratio_n60_pctw120,noonpause,1,True,False,-1,True,us_indexes+mtx_1d,2026-07-29,False,c2c|o2o|day|noonpause|night|ongap,c2c,-,-1.6031757115112746,-0.0090815958689407,-0.4312683902348108,-0.2277842577951817,-0.9107260272392156,0.1,-2.793756310327359,10,-0.5542920434037263,0.0435263143536377,0.4322491990327826,-12.654407641079532,2027,43.6091953881169,98.35189309576838,2245,2017-05-16,2026-08-31,False,False,False,True,1,-1.282,False,False
night,tv_taiex_over_spy_chg_ratio_n60_pctw120,night,1,True,False,-1,True,us_indexes+mtx_1d,2026-07-29,False,c2c|o2o|day|noonpause|night|ongap,c2c,-,-0.1569702238380773,0.021449723427583,-0.0724753267326213,0.0108395372570078,0.1222438820173089,0.5,-1.0738729598195655,10,0.0272754398742036,0.0435263143536377,0.4322491990327826,-17.784835360708513,912,43.6091953881169,98.35189309576838,2245,2017-05-16,2026-08-31,False,False,True,True,2,0.063,True,False
night,tv_taiex_over_spy_chg_ratio_n60_pctw120,ongap,1,True,False,-1,True,us_indexes+mtx_1d,2026-07-29,False,c2c|o2o|day|noonpause|night|ongap,c2c,-,-0.1017745121129404,0.6343501368134302,0.1919613599061706,0.3202749235314018,0.5499011508235835,0.7,-0.8365875501958859,10,0.0053266128496154,0.0435183211671565,0.4322093448372026,-10.38314541771493,1248,43.59933925358112,98.35189309576838,2245,2017-05-16,2026-08-31,False,True,True,True,3,0.012,True,False
night,us_log_ratio_pct_chg_w120,c2c,2,True,False,1,True,us_indexes+mtx_1d,2026-07-29,False,c2c|o2o|day|noonpause|night|ongap,-,-,0.4388837379590865,1.012097093873904,0.6487242446141999,0.6713699084603445,0.6157439472637558,0.8,-1.255063321411657,10,-0.1065918711418917,0.0226967544161748,0.6761376114153038,-20.797041159376377,506,24.643180036364605,99.6914940502424,2269,2017-05-16,2026-09-01,True,True,False,True,3,-0.158,True,False
night,us_log_ratio_pct_chg_w120,o2o,2,True,False,1,True,us_indexes+mtx_1d,2026-07-29,False,c2c|o2o|day|noonpause|night|ongap,-,-,0.6361507415487353,1.2154903435441562,0.8415870060613312,0.8650599388774253,0.8497694692432838,0.9,-0.8433398547489688,10,-0.0075603284777786,0.0226967544161748,0.6761376114153038,-19.20529248997987,506,24.643180036364605,99.6914940502424,2269,2017-05-16,2026-09-01,True,True,True,True,4,-0.011,True,True
night,us_log_ratio_pct_chg_w120,day,1,True,False,1,True,us_indexes+mtx_1d,2026-07-29,False,c2c|o2o|day|noonpause|night|ongap,-,-,0.7397100470183162,0.5851737043646087,0.674474966906942,0.7097670538858989,1.148948658483333,0.9,-0.3957697211990395,10,-0.0497193848298724,0.0225992675771336,0.6763282378289077,-14.38135802896008,277,24.62035920380861,99.69135802469135,2268,2017-05-16,2026-08-31,True,True,True,True,4,-0.074,True,True
night,us_log_ratio_pct_chg_w120,noonpause,1,True,False,1,True,us_indexes+mtx_1d,2026-07-29,False,c2c|o2o|day|noonpause|night|ongap,-,-,-0.4411259467498456,0.0579935727797437,-0.1197700387172265,-0.0104904759784832,-0.5364595643108021,0.5,-1.7667098132019117,10,-0.563652410452866,0.0237789562733213,0.6766927990341918,-7.965955422436052,1974,24.61097187509292,99.69067609368096,2263,2017-05-16,2026-08-31,False,False,False,True,1,-0.833,False,False
night,us_log_ratio_pct_chg_w120,night,1,True,False,1,True,us_indexes+mtx_1d,2026-07-29,False,c2c|o2o|day|noonpause|night|ongap,-,-,-0.3120156969255511,0.3695549002218051,0.0044126658218569,0.0403424441727058,-0.072793905889999,0.4,-1.6661356149866575,10,-0.025439348307981,0.0237789562733213,0.6766927990341918,-38.196595065552366,1345,24.61097187509292,99.69067609368096,2263,2017-05-16,2026-08-31,False,False,True,True,2,-0.038,True,False
night,us_log_ratio_pct_chg_w120,ongap,1,True,False,1,True,us_indexes+mtx_1d,2026-07-29,False,c2c|o2o|day|noonpause|night|ongap,-,-,0.4412594496098213,1.2645183209124424,0.7514924893873359,0.814597278536346,0.4037218660121476,0.8,-2.0284321881879053,10,-0.1533695388428734,0.0235802139346437,0.6768915413728692,-6.7140011683628265,813,24.592506685206956,99.69067609368096,2263,2017-05-16,2026-08-31,False,True,False,True,2,-0.227,False,False
night,us_sox_agree_amp_n20_robustw20,c2c,2,True,False,1,True,us_indexes+mtx_1d,2026-07-29,False,c2c|o2o|day|noonpause|night|ongap,-,-,0.7069120781903977,0.8980801018994201,0.7549273700627499,0.8230746790887972,0.9785895656721882,0.8,-0.236879627683983,10,-0.0519655304591921,0.0187055339500627,0.3914189043252317,-23.03497576233781,306,51.60044443155538,98.60400186133084,2149,2017-05-16,2026-09-01,True,True,True,True,4,-0.133,True,True
night,us_sox_agree_amp_n20_robustw20,o2o,2,True,False,1,True,us_indexes+mtx_1d,2026-07-29,False,c2c|o2o|day|noonpause|night|ongap,-,-,0.7837623119534771,0.7234260008145252,0.7495546131091051,0.8191335044362447,0.9952174210899968,0.9,-0.7006482905066272,10,-0.0357710507927727,0.0187055339500627,0.3914189043252317,-18.51773621709089,293,51.60044443155538,98.60400186133084,2149,2017-05-16,2026-09-01,True,True,True,True,4,-0.091,True,True
night,us_sox_agree_amp_n20_robustw20,day,1,True,False,1,True,us_indexes+mtx_1d,2026-07-29,False,c2c|o2o|day|noonpause|night|ongap,-,-,0.8717493232135282,0.3150658561560516,0.6658625402511563,0.7740364206287728,0.5990972803304853,0.7,-1.1881617399096094,10,-0.1092411758285588,0.0182649854342038,0.3911518722760279,-14.827822395246908,454,51.61947024225475,98.60335195530726,2148,2017-05-16,2026-08-31,False,True,False,True,2,-0.279,True,False
night,us_sox_agree_amp_n20_robustw20,noonpause,1,True,False,1,True,us_indexes+mtx_1d,2026-07-29,False,c2c|o2o|day|noonpause|night|ongap,-,-,-0.3400772894201708,0.470507818238717,0.1294035648739134,0.4487140455163237,-0.4471224099597257,0.4,-2.9495603238764776,10,-0.2969427976744321,0.0188645474793565,0.3910995309931535,-3.0665128210829,722,51.6121147837086,98.60009332711152,2143,2017-05-16,2026-08-31,False,False,False,True,1,-0.759,False,False
night,us_sox_agree_amp_n20_robustw20,night,1,True,False,1,True,us_indexes+mtx_1d,2026-07-29,False,c2c|o2o|day|noonpause|night|ongap,-,-,0.0514183123652812,0.5568659813891915,0.2565872313005375,0.3633649083525136,0.3079528456701943,0.5,-1.4616194749785656,10,0.0019757929747649,0.0188645474793565,0.3910995309931535,-15.076208189049613,1111,51.6121147837086,98.60009332711152,2143,2017-05-16,2026-08-31,False,False,True,True,2,0.005,True,False
night,us_sox_agree_amp_n20_robustw20,ongap,1,True,False,1,True,us_indexes+mtx_1d,2026-07-29,False,c2c|o2o|day|noonpause|night|ongap,-,-,-0.4729934620428384,0.0314086224908932,-0.2445720857476494,-0.0599643911055029,-0.4570449314140729,0.4,-1.846740486455997,10,-0.0712454004659351,0.0185046284408194,0.3913498848448065,-10.93811655688174,1968,51.67144191098807,98.64738805970148,2144,2017-05-16,2026-08-31,False,False,False,True,1,-0.182,True,False
night,us_sox_spy_ret_product_n5_pctw20,c2c,2,True,False,1,True,us_indexes+mtx_1d,2026-07-29,False,c2c|o2o|day|noonpause|night|ongap,-,-,0.7071614155450799,0.7054759637378837,0.6954571333233187,0.7916128896253483,0.9596594830366456,0.8,-0.1851954425598455,10,0.0795309454747662,0.0063064279482678,0.3704984251124688,-19.257835119265614,683,81.12194874466806,96.82679594535036,2269,2017-05-16,2026-09-01,True,True,False,True,3,0.215,True,False
night,us_sox_spy_ret_product_n5_pctw20,o2o,2,True,False,1,True,us_indexes+mtx_1d,2026-07-29,False,c2c|o2o|day|noonpause|night|ongap,-,-,0.5335006184119778,1.3170985953443488,0.8081753914264402,0.909609538419123,0.6861874547893386,0.7,-0.1249206999049599,10,-0.0046150371019448,0.0063064279482678,0.3704984251124688,-20.605175997057053,922,81.12194874466806,96.82679594535036,2269,2017-05-16,2026-09-01,True,True,True,True,4,-0.012,True,True
night,us_sox_spy_ret_product_n5_pctw20,day,1,True,False,1,True,us_indexes+mtx_1d,2026-07-29,False,c2c|o2o|day|noonpause|night|ongap,-,-,0.193035286289899,0.7476218506038892,0.373367367163586,0.523242818899484,0.4041344198468342,0.7,-1.5789855836341935,10,0.041232317736751,0.0063148570512741,0.3706561357153975,-16.100349987686563,549,81.13271207211393,96.82539682539682,2268,2017-05-16,2026-08-31,False,True,True,True,3,0.111,True,False
night,us_sox_spy_ret_product_n5_pctw20,noonpause,1,True,False,1,True,us_indexes+mtx_1d,2026-07-29,False,c2c|o2o|day|noonpause|night|ongap,-,-,-0.3666825827110422,0.4313447213826925,0.0245854488326151,0.5102424922228855,-0.6257327370853197,0.3,-4.324882724118386,10,0.012848181994659,0.006086220341981,0.3703932911250602,-6.507614450832566,1223,81.05527213324036,96.81838267786124,2263,2017-05-16,2026-08-31,False,False,True,True,2,0.035,True,False
night,us_sox_spy_ret_product_n5_pctw20,night,1,True,False,1,True,us_indexes+mtx_1d,2026-07-29,False,c2c|o2o|day|noonpause|night|ongap,-,-,0.1922415283531088,0.9981909674324712,0.5126264323223848,0.6546296293866035,0.5722595066026539,0.7,-1.03226259296724,10,0.0487567311235788,0.006086220341981,0.3703932911250602,-18.387305394011364,694,81.05527213324036,96.81838267786124,2263,2017-05-16,2026-08-31,False,True,True,True,3,0.132,True,False
night,us_sox_spy_ret_product_n5_pctw20,ongap,1,True,False,1,True,us_indexes+mtx_1d,2026-07-29,False,c2c|o2o|day|noonpause|night|ongap,-,-,-0.3482110203401404,0.2933398106499803,-0.1149486849556927,0.1654692713417218,-0.334859110549322,0.3,-2.6101279415060685,10,0.0541684089546309,0.0057544401473854,0.3702634273553717,-13.865671126550538,2257,81.21997607304476,96.81838267786124,2263,2017-05-16,2026-08-31,False,False,True,True,2,0.146,True,False
night,us_sox_spy_rollcorr_w60_rz_w120,c2c,2,True,False,1,True,us_indexes+mtx_1d,2026-07-29,False,c2c|o2o|day|noonpause|night|ongap,-,-,0.3623508855583274,0.5438274930276459,0.4220578793403098,0.4337728475430287,0.9052359918863508,0.7,-0.1397940709803392,10,0.0586163087473089,0.0445504692291826,0.5971578759793017,-25.84777788381629,639,12.49967011193385,99.1626267078008,2269,2017-05-16,2026-09-01,True,True,True,True,4,0.098,True,True
night,us_sox_spy_rollcorr_w60_rz_w120,o2o,2,True,False,1,True,us_indexes+mtx_1d,2026-07-29,False,c2c|o2o|day|noonpause|night|ongap,-,-,0.3580561439714276,0.5103396572495409,0.4072229502200429,0.4194106865420306,0.908352656744034,0.9,-0.165980754982735,10,0.0249514697548091,0.0445504692291826,0.5971578759793017,-27.46450381646336,640,12.49967011193385,99.1626267078008,2269,2017-05-16,2026-09-01,True,True,True,True,4,0.042,True,True
night,us_sox_spy_rollcorr_w60_rz_w120,day,1,True,False,1,True,us_indexes+mtx_1d,2026-07-29,False,c2c|o2o|day|noonpause|night|ongap,-,-,0.366745469963219,0.0379309240266216,0.2529006928230393,0.2708217235081854,0.2357020295136678,0.5,-1.444719709234314,10,0.0639717326790998,0.0438741655213001,0.5971383502023945,-22.098323761262733,1221,12.517457700761128,99.1626267078008,2269,2017-05-16,2026-09-01,False,False,True,True,2,0.107,True,False
night,us_sox_spy_rollcorr_w60_rz_w120,noonpause,1,True,False,1,True,us_indexes+mtx_1d,2026-07-29,False,c2c|o2o|day|noonpause|night|ongap,-,-,0.4344257944000056,0.7479003978256306,0.5419427271691983,0.6242453042652305,0.3750436005421632,0.5,-0.8952555714223943,10,0.0526461893176988,0.0431584543123636,0.5969668317465173,-2.715368299991468,612,12.5205020124293,99.16040653999116,2263,2017-05-16,2026-08-31,False,False,True,True,2,0.088,True,False
night,us_sox_spy_rollcorr_w60_rz_w120,night,1,True,False,1,True,us_indexes+mtx_1d,2026-07-29,False,c2c|o2o|day|noonpause|night|ongap,-,-,-0.0321143534226498,0.492416087927972,0.1870571584067469,0.2061580549345104,0.3028075401435206,0.6,-1.3925772982495743,10,0.0609377491172219,0.0431584543123636,0.5969668317465173,-19.80691315586936,1623,12.5205020124293,99.16040653999116,2263,2017-05-16,2026-08-31,False,False,True,True,2,0.102,True,False
night,us_sox_spy_rollcorr_w60_rz_w120,ongap,1,True,False,1,True,us_indexes+mtx_1d,2026-07-29,False,c2c|o2o|day|noonpause|night|ongap,-,-,0.0642158612459101,0.0836212575382687,0.0702838273713229,0.1041916146788483,0.2620868027928599,0.6,-0.8492564570127717,10,0.0326074154954099,0.04285676782913,0.5970563967991019,-15.143686913221668,1483,12.533289003254726,99.16077738515902,2264,2017-05-16,2026-09-01,False,False,True,True,2,0.055,True,False
