regime,signal,variant,lag,declared,recommended,sign,enabled,sources,live_date,pre_normalized,variants,rec_variants,shift_override,SR_IS,SR_OOS,SR_net,SR_gross,SR_of_SR,positive_years,yr_sr_min,n_years,beta,mean_exec_w,abs_exec_w,max_dd_pct,max_dd_days,turnover_ann,held_pct,n_bars,start_date,end_date,gate_srsr,gate_posyr,gate_beta,gate_nyr,n_gates
full,lt_top10_bsdiff_selftanh_w15,c2c,2,True,True,1,True,large_trader+mtx_1d,2026-08-08,False,c2c|o2o|day|noonpause|night|ongap,c2c,-,0.8424940115376103,0.4999502228959397,0.7551207712739073,0.8454393784300659,0.7351162770835948,0.7222222222222222,-1.3645894928565232,18,-0.0667942717203461,-0.002533500352679174,0.6707670028290651,-24.72478743660167,400,73.48047484106519,99.555659494855,4276,2009-04-03,2026-09-01,True,True,True,True,4
full,lt_top10_bsdiff_selftanh_w15,o2o,2,True,False,1,True,large_trader+mtx_1d,2026-08-08,False,c2c|o2o|day|noonpause|night|ongap,c2c,-,0.9250194274461296,0.4755838278974014,0.8204097538997026,0.9120128225363525,0.6975517266498761,0.7222222222222222,-1.325290355568636,18,-0.07219874583269593,-0.002533500352679174,0.6707670028290651,-24.16150959540877,466,73.48047484106519,99.555659494855,4276,2009-04-03,2026-09-01,True,True,True,True,4
full,lt_top10_bsdiff_selftanh_w15,day,1,True,False,1,True,large_trader+mtx_1d,2026-08-08,False,c2c|o2o|day|noonpause|night|ongap,c2c,-,0.9205826868848285,0.28647001469707795,0.8081268887002236,0.9383594415107708,0.6657179320613069,0.7777777777777778,-0.9783820210093734,18,-0.03223959959186856,-0.0023660774938328724,0.6707770021426269,-15.04762163992002,649,73.46463575089233,99.55576338555062,4277,2009-04-02,2026-09-01,True,True,True,True,4
full,lt_top10npct_signth_w60,c2c,2,True,False,1,True,large_trader+mtx_1d,2026-07-29,False,c2c|o2o|day|noonpause|night|ongap,day,-,0.5449726466207008,0.7054449317232578,0.5704357458264631,0.6309369028095667,0.7357812722568324,0.6666666666666666,-0.5815901700375118,18,-0.07884292263381788,-0.005437499448219888,0.6160543999621813,-26.059476106030576,706,49.43409104855248,98.69219990658571,4282,2009-03-26,2026-09-01,True,True,True,True,4
full,lt_top10npct_signth_w60,o2o,2,True,False,1,True,large_trader+mtx_1d,2026-07-29,False,c2c|o2o|day|noonpause|night|ongap,day,-,0.7484575637258403,0.344899374121413,0.6602469033699283,0.7224572185770186,0.6843985424673544,0.7777777777777778,-1.527788145044143,18,-0.10825684758689923,-0.005437499448219888,0.6160543999621813,-29.210776087586044,526,49.43409104855248,98.69219990658571,4282,2009-03-26,2026-09-01,True,True,True,True,4
full,lt_top10npct_signth_w60,day,1,True,True,1,True,large_trader+mtx_1d,2026-07-29,False,c2c|o2o|day|noonpause|night|ongap,day,-,0.8899221255391998,0.06919430696487576,0.7425577173075938,0.8309643168444083,0.5430141340061493,0.7777777777777778,-1.51807914094123,18,-0.09867207153933318,-0.005243141695501156,0.6161036510374751,-16.763586559176424,819,49.42272055797749,98.69250525332711,4283,2009-03-25,2026-09-01,False,True,True,True,3
full,month_turn_drift_d5_d10,c2c,2,True,True,1,True,mtx_1d,2026-08-09,True,c2c|o2o|day|noonpause|night|ongap,c2c,-,0.5816490251475319,1.1849459982085138,0.656669734330116,0.6812185741225512,0.8046238897341524,0.6923076923076923,-1.147503208657419,26,0.7293631795156196,0.7265749920051168,0.7265749920051168,-75.51588609574956,743,22.927406459865686,72.65749920051168,6254,2001-04-11,2026-09-01,True,True,False,True,3
full,month_turn_drift_d5_d10,o2o,2,True,False,1,True,mtx_1d,2026-08-09,True,c2c|o2o|day|noonpause|night|ongap,c2c,-,0.5167740052018596,1.159657415250695,0.591053773338395,0.614434572282511,0.7790627610045296,0.7307692307692307,-0.7445888190354113,26,0.7527421992808688,0.7265749920051168,0.7265749920051168,-68.31979136134494,619,22.927406459865686,72.65749920051168,6254,2001-04-11,2026-09-01,True,True,False,True,3
full,month_turn_drift_d5_d10,day,1,True,False,1,True,mtx_1d,2026-08-09,True,c2c|o2o|day|noonpause|night|ongap,c2c,-,0.14664816891376026,0.4043582253727306,0.17015597066880897,0.20133139626190952,0.2816862981457987,0.6153846153846154,-1.1425600224578927,26,0.7327865078195148,0.7266187050359713,0.7266187050359713,-38.02757588499361,1768,22.923741007194245,72.66187050359713,6255,2001-04-10,2026-09-01,False,False,False,True,1
full,nfci_loose_drift_d3_12,c2c,2,True,True,1,True,nfci+mtx_1d,2026-08-08,True,c2c|o2o|day|noonpause|night|ongap,c2c,-,0.5384721682518178,1.6734859905767856,0.6740493633601281,0.6819497155270339,0.8531330958485664,0.75,-0.7035948887886398,24,0.15338515944328515,0.19059801726894787,0.19059801726894787,-19.138060654387377,550,3.586184841701311,19.059801726894786,6254,2001-04-11,2026-09-01,True,True,False,True,3
full,nfci_loose_drift_d3_12,o2o,2,True,False,1,True,nfci+mtx_1d,2026-08-08,True,c2c|o2o|day|noonpause|night|ongap,c2c,-,0.5150890597210813,1.5026773814525027,0.6367495435450146,0.6443173291993264,0.8762292396334546,0.75,-0.6345663672005183,24,0.15976392267842093,0.19059801726894787,0.19059801726894787,-19.507468604787647,557,3.586184841701311,19.059801726894786,6254,2001-04-11,2026-09-01,True,True,False,True,3
full,nfci_loose_drift_d3_12,day,1,True,False,1,True,nfci+mtx_1d,2026-08-08,True,c2c|o2o|day|noonpause|night|ongap,c2c,-,0.14031134408984472,0.1390120404321134,0.1400730836344013,0.14997710773966857,0.2523830151476354,0.5416666666666666,-1.4958757093820105,24,0.16447852530075133,0.19056754596322942,0.19056754596322942,-19.908073686119188,1650,3.6258992805755397,19.056754596322943,6255,2001-04-10,2026-09-01,False,False,False,True,1
full,opt_call_all_oi_signth_w20,c2c,2,True,False,-1,False,options+mtx_1d,2026-07-29,False,c2c|o2o|day|noonpause|night|ongap,-,-,0.05600861136818138,-0.21330773028720443,0.019374631631882997,0.11591189298136634,0.1354072982737848,0.44,-2.4042286901225287,25,-0.07053129621668137,-0.0031463883382187178,0.5850868954260905,-68.40000987322836,4434,87.62675958159718,97.3732335827099,6015,2002-04-04,2026-09-01,False,False,True,True,2
full,opt_call_all_oi_signth_w20,o2o,2,True,False,-1,False,options+mtx_1d,2026-07-29,False,c2c|o2o|day|noonpause|night|ongap,-,-,0.17098933593466253,0.12899981644204744,0.1651846111823271,0.2611797901897874,0.220510101725337,0.56,-1.9269406723185785,25,-0.04382604896547922,-0.0031463883382187178,0.5850868954260905,-59.697681054384944,1694,87.62675958159718,97.3732335827099,6015,2002-04-04,2026-09-01,False,False,True,True,2
full,opt_call_all_oi_signth_w20,day,1,True,False,-1,False,options+mtx_1d,2026-07-29,False,c2c|o2o|day|noonpause|night|ongap,-,-,0.13934832098645653,-0.36955929856000275,0.09002472208848196,0.21950169932609545,0.15268713019009497,0.64,-2.816938313978786,25,-0.050393186884862065,-0.0030164856257436225,0.585119019999642,-36.702387421676974,3142,87.65274555257454,97.37367021276596,6016,2002-04-03,2026-09-01,False,False,True,True,2
full,opt_put_mo_oi_selftanh_w60,c2c,2,True,False,-1,False,options+mtx_1d,2026-07-29,False,c2c|o2o|day|noonpause|night|ongap,o2o,-,-0.024561360373113093,0.4886093021771964,0.041429678625308344,0.09647942065376659,0.057486146526821054,0.56,-2.141705269520284,25,0.10593529797118371,0.031731736315427694,0.6384155008246609,-77.11988557038445,5408,41.42465721579718,99.61577013030404,5986,2002-05-17,2026-09-01,False,False,True,True,2
full,opt_put_mo_oi_selftanh_w60,o2o,2,True,True,-1,False,options+mtx_1d,2026-07-29,False,c2c|o2o|day|noonpause|night|ongap,o2o,-,0.04724914939109147,0.14334846848798202,0.05864779980343098,0.11323476610125598,0.035147350784705274,0.6,-2.826228574553181,25,0.08244841665252997,0.031731736315427694,0.6384155008246609,-80.90496740571666,4101,41.42465721579718,99.61577013030404,5986,2002-05-17,2026-09-01,False,False,True,True,2
full,opt_put_mo_oi_selftanh_w60,day,1,True,False,-1,False,options+mtx_1d,2026-07-29,False,c2c|o2o|day|noonpause|night|ongap,o2o,-,0.0148809145470723,-0.595615115663103,-0.04665629639543409,0.025567011349802417,-0.011625644598215705,0.56,-2.40976075505104,25,0.0800465177474527,0.03183590912651634,0.6384183401190452,-39.22573875274646,3139,41.41903190177167,99.6158343076666,5987,2002-05-16,2026-09-01,False,False,True,True,2
full,tv_taiex_over_spy_chg_ratio_n60_pctw120,c2c,2,True,True,-1,True,us_indexes+mtx_1d,2026-07-29,False,c2c|o2o|day|noonpause|night|ongap,c2c,-,0.3814995690065867,0.712724221508245,0.42281512286709805,0.4925235112586649,0.5510082659447881,0.68,-1.2035154004182325,25,-0.0122621322589312,0.009242878676224628,0.4352545882372015,-35.14810762173728,1688,44.1685080453569,98.70675176352032,5954,2002-04-11,2026-09-01,False,True,True,True,3
full,tv_taiex_over_spy_chg_ratio_n60_pctw120,o2o,2,True,False,-1,True,us_indexes+mtx_1d,2026-07-29,False,c2c|o2o|day|noonpause|night|ongap,c2c,-,0.36450409113130594,0.7608213223984478,0.4130552943251911,0.485273438017972,0.5204529313266443,0.64,-1.0985711852807096,25,-0.0008861873500468896,0.009242878676224628,0.4352545882372015,-34.729324910286216,1728,44.1685080453569,98.70675176352032,5954,2002-04-11,2026-09-01,False,False,True,True,2
full,tv_taiex_over_spy_chg_ratio_n60_pctw120,day,1,True,False,-1,True,us_indexes+mtx_1d,2026-07-29,False,c2c|o2o|day|noonpause|night|ongap,c2c,-,0.35940195130268315,0.7164404047514729,0.392738557079024,0.48954708537942876,0.6027184685435687,0.68,-0.7013956820419049,25,0.011836988426021511,0.009242878676224628,0.4352545882372015,-24.575525063645728,906,44.1685080453569,98.70675176352032,5954,2002-04-10,2026-08-31,True,True,True,True,4
full,us_log_ratio_pct_chg_w120,c2c,2,True,False,1,True,us_indexes+mtx_1d,2026-07-29,False,c2c|o2o|day|noonpause|night|ongap,-,-,0.3039842092509354,1.012097093873904,0.39970798031138216,0.4253999267767017,0.5705326276294304,0.76,-1.4071246813169156,25,-0.10292199351817871,0.04539141748933194,0.6533706567825086,-58.95335429370295,1859,21.7105213242911,99.50592885375494,6072,2002-01-03,2026-09-01,False,True,True,True,3
full,us_log_ratio_pct_chg_w120,o2o,2,True,False,1,True,us_indexes+mtx_1d,2026-07-29,False,c2c|o2o|day|noonpause|night|ongap,-,-,0.32262180712855004,1.2154903435441562,0.440624526322602,0.46632991438203086,0.6373557673954029,0.84,-1.3673653121384286,25,-0.07520762700777138,0.04539141748933194,0.6533706567825086,-59.210739253482814,1870,21.7105213242911,99.50592885375494,6072,2002-01-03,2026-09-01,True,True,True,True,4
full,us_log_ratio_pct_chg_w120,day,1,True,False,1,True,us_indexes+mtx_1d,2026-07-29,False,c2c|o2o|day|noonpause|night|ongap,-,-,0.19036790667796863,0.5851737043646087,0.231522185839874,0.2651182482148485,0.620531379057412,0.72,-1.5250860057827818,25,-0.09721786735141327,0.04539141748933194,0.6533706567825086,-52.37866094563982,3022,21.7105213242911,99.50592885375494,6072,2002-01-02,2026-08-31,True,True,True,True,4
full,us_sox_agree_amp_n20_robustw20,c2c,2,True,False,1,True,us_indexes+mtx_1d,2026-07-29,False,c2c|o2o|day|noonpause|night|ongap,-,-,0.24217186037596394,0.8980801018994201,0.33365811771609555,0.4304947670963598,0.4015897420183881,0.6153846153846154,-2.268052776053034,26,-0.01492559936794714,0.010665020548011342,0.38060673550285085,-42.42523358834028,1682,50.79074230653983,98.34082267542344,5786,2001-09-11,2026-09-01,False,False,True,True,2
full,us_sox_agree_amp_n20_robustw20,o2o,2,True,False,1,True,us_indexes+mtx_1d,2026-07-29,False,c2c|o2o|day|noonpause|night|ongap,-,-,0.306250724498155,0.7234260008145252,0.35734408571380283,0.45256739020062253,0.5823408939035587,0.7692307692307693,-1.8894012154612951,26,-0.02732404787277155,0.010665020548011342,0.38060673550285085,-30.548190227427106,1590,50.79074230653983,98.34082267542344,5786,2001-09-11,2026-09-01,False,True,True,True,3
full,us_sox_agree_amp_n20_robustw20,day,1,True,False,1,True,us_indexes+mtx_1d,2026-07-29,False,c2c|o2o|day|noonpause|night|ongap,-,-,0.14630331555738899,0.31506585615605165,0.16361734445109224,0.2897965309494274,0.3711399951359496,0.5769230769230769,-1.917385094889173,26,-0.021866303894297896,0.010665020548011342,0.38060673550285085,-36.27447829581645,4383,50.79074230653983,98.34082267542344,5786,2001-09-10,2026-08-31,False,False,True,True,2
full,us_sox_spy_ret_product_n5_pctw20,c2c,2,True,False,1,True,us_indexes+mtx_1d,2026-07-29,False,c2c|o2o|day|noonpause|night|ongap,-,-,0.14333699607887468,0.7054759637378837,0.2107431283566653,0.3487438833063889,0.2643433353717302,0.6923076923076923,-2.139218032247475,26,0.0649789703127357,0.008962164811764591,0.37713665437469884,-53.456576752855,3266,83.77993081336943,96.83800875628344,6167,2001-08-15,2026-09-01,False,True,True,True,3
full,us_sox_spy_ret_product_n5_pctw20,o2o,2,True,False,1,True,us_indexes+mtx_1d,2026-07-29,False,c2c|o2o|day|noonpause|night|ongap,-,-,-0.04783097574512489,1.3170985953443488,0.1012129582669765,0.23244403636461067,0.2069919818563912,0.5384615384615384,-1.7657402441160823,26,0.07616289208929489,0.008962164811764591,0.37713665437469884,-87.17242334576152,6095,83.77993081336943,96.83800875628344,6167,2001-08-15,2026-09-01,False,False,True,True,2
full,us_sox_spy_ret_product_n5_pctw20,day,1,True,False,1,True,us_indexes+mtx_1d,2026-07-29,False,c2c|o2o|day|noonpause|night|ongap,-,-,-0.1503347943606394,0.7476218506038892,-0.07017790797770793,0.10497426565845229,0.0683203595878496,0.46153846153846156,-2.1520223818707467,26,0.05233328517737878,0.008962164811764591,0.37713665437469884,-85.50015973010169,6129,83.77993081336943,96.83800875628344,6167,2001-08-14,2026-08-31,False,False,True,True,2
full,us_sox_spy_rollcorr_w60_rz_w120,c2c,2,True,False,1,True,us_indexes+mtx_1d,2026-07-29,False,c2c|o2o|day|noonpause|night|ongap,-,-,0.06794084143930966,0.5438274930276459,0.12933280607036862,0.14957020057257403,0.24539533589384266,0.56,-1.4883464372643647,25,0.07219999070217265,0.022145041085521875,0.5851966728724081,-58.92622912734635,4353,14.37082789463815,99.28972580112323,6054,2002-01-29,2026-09-01,False,False,True,True,2
full,us_sox_spy_rollcorr_w60_rz_w120,o2o,2,True,False,1,True,us_indexes+mtx_1d,2026-07-29,False,c2c|o2o|day|noonpause|night|ongap,-,-,0.10125644386466894,0.5103396572495409,0.15016754730089002,0.1697867906923429,0.3240521581106529,0.68,-1.1656515125070837,25,0.09437396853195744,0.022145041085521875,0.5851966728724081,-47.28582384858476,1838,14.37082789463815,99.28972580112323,6054,2002-01-29,2026-09-01,False,True,True,True,3
full,us_sox_spy_rollcorr_w60_rz_w120,day,1,True,False,1,True,us_indexes+mtx_1d,2026-07-29,False,c2c|o2o|day|noonpause|night|ongap,-,-,0.17646756373942596,0.03793092402662165,0.16233711711286275,0.18872997975259304,0.14135046048138042,0.48,-1.444719709234314,25,0.08576245489568907,0.022018326039481072,0.5852230837542941,-31.878034190592974,1337,14.375268151756758,99.289843104872,6055,2002-01-28,2026-09-01,False,False,True,True,2
night,lt_top10_bsdiff_selftanh_w15,c2c,2,True,True,1,True,large_trader+mtx_1d,2026-08-08,False,c2c|o2o|day|noonpause|night|ongap,c2c,-,1.25721505161702,0.4999502228959397,0.9469188414614353,1.0197079142053371,0.8009733963236184,0.7,-0.8243405243916911,10,-0.049440426872228264,0.005107388150025178,0.6696496813155032,-24.72478743660167,253,79.67889597835769,99.47113265755839,2269,2017-05-16,2026-09-01,True,True,True,True,4
night,lt_top10_bsdiff_selftanh_w15,o2o,2,True,False,1,True,large_trader+mtx_1d,2026-08-08,False,c2c|o2o|day|noonpause|night|ongap,c2c,-,1.179883001289321,0.4755838278974014,0.8973596036781571,0.9729461387352046,0.5705101314066056,0.7,-1.770255240368641,10,-0.03829721424457066,0.005107388150025178,0.6696496813155032,-24.16150959540877,240,79.67889597835769,99.47113265755839,2269,2017-05-16,2026-09-01,False,True,True,True,3
night,lt_top10_bsdiff_selftanh_w15,day,1,True,False,1,True,large_trader+mtx_1d,2026-08-08,False,c2c|o2o|day|noonpause|night|ongap,c2c,-,0.6687782883199448,0.28647001469707795,0.5367233234854959,0.6523438360344058,0.24678724227484453,0.7,-2.1508365069619324,10,-0.028448254479600203,0.005056318858334919,0.6695986120238129,-13.279604910707777,649,79.68005098769477,99.47113265755839,2269,2017-05-16,2026-09-01,False,True,True,True,3
night,lt_top10_bsdiff_selftanh_w15,noonpause,1,True,False,1,True,large_trader+mtx_1d,2026-08-08,False,c2c|o2o|day|noonpause|night|ongap,c2c,-,-1.5201309651224886,-0.6915975818218598,-0.9323328791901321,-0.5495472264715839,-1.8261996809673917,0.0,-3.2953773174133483,10,0.3815924088758655,0.005607631977734839,0.669828267702904,-24.48577380419092,2186,79.64440813770993,99.51391957578436,2263,2017-05-16,2026-08-31,False,False,False,True,1
night,lt_top10_bsdiff_selftanh_w15,night,1,True,False,1,True,large_trader+mtx_1d,2026-08-08,False,c2c|o2o|day|noonpause|night|ongap,c2c,-,0.9939067317449592,0.9871269801813475,0.9597017557160243,1.0812414173830558,0.8097279667133616,0.7,-0.9085256249619668,10,-0.054124989141365286,0.005607631977734839,0.669828267702904,-9.106378345429778,299,79.64440813770993,99.51391957578436,2263,2017-05-16,2026-08-31,True,True,True,True,4
night,lt_top10_bsdiff_selftanh_w15,ongap,1,True,False,1,True,large_trader+mtx_1d,2026-08-08,False,c2c|o2o|day|noonpause|night|ongap,c2c,-,-0.11845787599950762,-0.3538885595336333,-0.20555814097955538,-0.012984326659737835,-0.24747161227842404,0.3,-1.655955353811827,10,0.15148954724116517,0.005430688596033599,0.6699229459490242,-31.137934218905,1561,79.65725729160772,99.46996466431095,2264,2017-05-16,2026-09-01,False,False,False,True,1
night,lt_top10npct_signth_w60,c2c,2,True,False,1,True,large_trader+mtx_1d,2026-07-29,False,c2c|o2o|day|noonpause|night|ongap,day,-,0.9152514481874251,0.7054449317232578,0.8157480221768981,0.8634092204130303,1.135323498880385,0.8,-0.24812387575765285,10,-0.08203222589783238,0.01508206541290073,0.6131919887385526,-26.059476106030544,333,52.727929359972705,99.47113265755839,2269,2017-05-16,2026-09-01,True,True,True,True,4
night,lt_top10npct_signth_w60,o2o,2,True,False,1,True,large_trader+mtx_1d,2026-07-29,False,c2c|o2o|day|noonpause|night|ongap,day,-,0.979897324180544,0.344899374121413,0.730038908712839,0.7805667647719752,0.6092497107851435,0.8,-1.513890299273988,10,-0.08418554950737187,0.01508206541290073,0.6131919887385526,-29.210776087586133,406,52.727929359972705,99.47113265755839,2269,2017-05-16,2026-09-01,True,True,True,True,4
night,lt_top10npct_signth_w60,day,1,True,True,1,True,large_trader+mtx_1d,2026-07-29,False,c2c|o2o|day|noonpause|night|ongap,day,-,0.8630592043642588,0.06919430696487576,0.5870910403663322,0.6627230495084144,0.22621462482091997,0.7,-2.3745633804657427,10,-0.12342421379764978,0.015802042339562155,0.6132009644389923,-16.763586559176346,801,52.72825297386249,99.47113265755839,2269,2017-05-16,2026-09-01,False,True,True,True,3
night,lt_top10npct_signth_w60,noonpause,1,True,False,1,True,large_trader+mtx_1d,2026-07-29,False,c2c|o2o|day|noonpause|night|ongap,day,-,-0.9892024600546699,-0.34791098229975975,-0.5272992876398716,-0.2966894349257122,-1.01521848341685,0.1,-2.246198447435872,10,0.43905030610659207,0.015815461697946617,0.6132905643047426,-17.650252095762923,2214,52.78678894801873,99.46973044631021,2263,2017-05-16,2026-08-31,False,False,False,True,1
night,lt_top10npct_signth_w60,night,1,True,False,1,True,large_trader+mtx_1d,2026-07-29,False,c2c|o2o|day|noonpause|night|ongap,day,-,0.5002854740952257,0.9703190017060817,0.6677058131387897,0.745854973300074,0.9940472597427348,0.9,-0.3516168287139547,10,-0.03344487976815254,0.015815461697946617,0.6132905643047426,-14.544853352972059,436,52.78678894801873,99.46973044631021,2263,2017-05-16,2026-08-31,True,True,True,True,4
night,lt_top10npct_signth_w60,ongap,1,True,False,1,True,large_trader+mtx_1d,2026-07-29,False,c2c|o2o|day|noonpause|night|ongap,day,-,0.07830889481486905,0.030381788856106616,0.05761861936406557,0.18499948112619333,0.18960563401887504,0.6,-1.4142731634112455,10,0.13842411918819372,0.015830548079293186,0.6137305867044714,-20.50706710259357,1561,52.757603735949225,99.46996466431095,2264,2017-05-16,2026-09-01,False,False,True,True,2
night,month_turn_drift_d5_d10,c2c,2,True,True,1,True,mtx_1d,2026-08-09,True,c2c|o2o|day|noonpause|night|ongap,c2c,-,0.9342963184195746,1.1849459982085138,1.0035921633294382,1.0211202852769203,1.2152537920221798,0.8,-0.5284402386952443,10,0.7570356506343383,0.7307183781401498,0.7307183781401498,-32.435360530651344,318,22.8788012340238,73.07183781401498,2269,2017-05-16,2026-09-01,True,True,False,True,3
night,month_turn_drift_d5_d10,o2o,2,True,False,1,True,mtx_1d,2026-08-09,True,c2c|o2o|day|noonpause|night|ongap,c2c,-,0.8113980485527577,1.159657415250695,0.9232435961504372,0.941010078268226,1.06741960105719,0.9,-0.6600864034617707,10,0.7819822666677465,0.7307183781401498,0.7307183781401498,-29.12646185455078,529,22.8788012340238,73.07183781401498,2269,2017-05-16,2026-09-01,True,True,False,True,3
night,month_turn_drift_d5_d10,day,1,True,False,1,True,mtx_1d,2026-08-09,True,c2c|o2o|day|noonpause|night|ongap,c2c,-,-0.001313315779145836,0.4043582253727306,0.13922810945352598,0.167200746132445,0.11408081431741404,0.5,-1.05647944202029,10,0.7251522127125312,0.7307183781401498,0.7307183781401498,-24.811963818920944,1365,22.8788012340238,73.07183781401498,2269,2017-05-16,2026-09-01,False,False,False,True,1
night,month_turn_drift_d5_d10,noonpause,1,True,False,1,True,mtx_1d,2026-08-09,True,c2c|o2o|day|noonpause|night|ongap,c2c,-,0.25334116572626497,0.4552299000645719,0.3048099460497583,0.3948670266508474,0.4926863961220048,0.6,-0.7540533683492153,10,0.8398659161934456,0.7304463102076889,0.7304463102076889,-8.199768807376568,954,22.939460892620414,73.04463102076889,2263,2017-05-16,2026-08-31,False,False,False,True,1
night,month_turn_drift_d5_d10,night,1,True,False,1,True,mtx_1d,2026-08-09,True,c2c|o2o|day|noonpause|night|ongap,c2c,-,0.994390243908509,1.119649950527323,1.0026361929667016,1.03011994891445,1.6713850719476941,0.9,-0.33627250482948295,10,0.7992300518878386,0.7304463102076889,0.7304463102076889,-15.432441541412011,293,22.939460892620414,73.04463102076889,2263,2017-05-16,2026-08-31,True,True,False,True,3
night,month_turn_drift_d5_d10,ongap,1,True,False,1,True,mtx_1d,2026-08-09,True,c2c|o2o|day|noonpause|night|ongap,c2c,-,0.29191825357883233,0.07803720933626294,0.1995699165670363,0.24543160948823373,0.4883792553218992,0.6,-0.634667183422157,10,0.8462929099897678,0.730565371024735,0.730565371024735,-18.341388846480807,607,22.929328621908127,73.0565371024735,2264,2017-05-16,2026-09-01,False,False,False,True,1
night,nfci_loose_drift_d3_12,c2c,2,True,True,1,True,nfci+mtx_1d,2026-08-08,True,c2c|o2o|day|noonpause|night|ongap,c2c,-,1.0610124630430355,1.6734859905767856,1.2650719006362174,1.272445608515409,1.6337930562797973,1.0,0.6410326829034091,9,0.15121317408788773,0.22300572939620977,0.22300572939620977,-7.606438163403951,393,4.442485676509476,22.300572939620977,2269,2017-05-16,2026-09-01,True,True,False,True,3
night,nfci_loose_drift_d3_12,o2o,2,True,False,1,True,nfci+mtx_1d,2026-08-08,True,c2c|o2o|day|noonpause|night|ongap,c2c,-,1.1933486878086714,1.5026773814525027,1.2717783780387324,1.278970274398491,2.2671799635205003,1.0,0.5858740226769261,9,0.16829365588165834,0.22300572939620977,0.22300572939620977,-11.036113546157205,394,4.442485676509476,22.300572939620977,2269,2017-05-16,2026-09-01,True,True,False,True,3
night,nfci_loose_drift_d3_12,day,1,True,False,1,True,nfci+mtx_1d,2026-08-08,True,c2c|o2o|day|noonpause|night|ongap,c2c,-,0.6113339296607672,0.1390120404321134,0.43337170375285816,0.44547594305093385,0.469564530194625,0.6666666666666666,-1.4958757093820105,9,0.1471735576898292,0.22256500661084178,0.22256500661084178,-10.986086072888032,736,4.553547818422213,22.25650066108418,2269,2017-05-16,2026-09-01,False,True,True,True,3
night,nfci_loose_drift_d3_12,noonpause,1,True,False,1,True,nfci+mtx_1d,2026-08-08,True,c2c|o2o|day|noonpause|night|ongap,c2c,-,0.251596860595738,1.6501093681324912,0.8243767817543423,0.8930114979920032,0.6609954413599939,0.6666666666666666,-0.4660178429300489,9,0.05585725512662033,0.22271321254971277,0.22271321254971277,-0.7950094919174491,423,4.454264250994256,22.271321254971276,2263,2017-05-16,2026-08-31,True,True,True,True,4
night,nfci_loose_drift_d3_12,night,1,True,False,1,True,nfci+mtx_1d,2026-08-08,True,c2c|o2o|day|noonpause|night|ongap,c2c,-,1.208785220450403,1.7167123461403841,1.3616082512027907,1.3732822188917595,1.829258978486485,1.0,0.4604675540334706,9,0.15882878890216157,0.22271321254971277,0.22271321254971277,-6.19130637110647,391,4.454264250994256,22.271321254971276,2263,2017-05-16,2026-08-31,True,True,False,True,3
night,nfci_loose_drift_d3_12,ongap,1,True,False,1,True,nfci+mtx_1d,2026-08-08,True,c2c|o2o|day|noonpause|night|ongap,c2c,-,0.03608770318241492,0.4196266967850194,0.18560689631301977,0.20537560881590297,0.35667034289639554,0.5555555555555556,-1.3118438139970574,9,0.17489367875922765,0.2226148409893993,0.2226148409893993,-6.390674608573008,1927,4.563604240282686,22.261484098939928,2264,2017-05-16,2026-09-01,False,False,False,True,1
night,opt_call_all_oi_signth_w20,c2c,2,True,False,-1,False,options+mtx_1d,2026-07-29,False,c2c|o2o|day|noonpause|night|ongap,-,-,0.6035433863525987,-0.21330773028720443,0.27792429754237663,0.40361747236137074,0.33387891641270495,0.6,-1.364457244090527,10,-0.07681538638308211,0.01414883102885604,0.5595376249535137,-38.43344514899124,1212,141.67116435496723,95.90127809607758,2269,2017-05-16,2026-09-01,False,False,True,True,2
night,opt_call_all_oi_signth_w20,o2o,2,True,False,-1,False,options+mtx_1d,2026-07-29,False,c2c|o2o|day|noonpause|night|ongap,-,-,0.6834715691246966,0.12899981644204744,0.4610403426872814,0.590309374151193,0.38765267129258285,0.7,-1.511559306863256,10,-0.02419205239083515,0.01414883102885604,0.5595376249535137,-30.387921403789736,1078,141.67116435496723,95.90127809607758,2269,2017-05-16,2026-09-01,False,True,True,True,3
night,opt_call_all_oi_signth_w20,day,1,True,False,-1,False,options+mtx_1d,2026-07-29,False,c2c|o2o|day|noonpause|night|ongap,-,-,0.37621372913586176,-0.36955929856000275,0.12834099955335748,0.3328792379584079,0.0003117565030457736,0.6,-2.816938313978786,10,-0.003470280246214445,0.014485395492864865,0.5598741894175225,-28.034898959979245,936,141.77868236333265,95.90127809607758,2269,2017-05-16,2026-09-01,False,False,True,True,2
night,opt_call_all_oi_signth_w20,noonpause,1,True,False,-1,False,options+mtx_1d,2026-07-29,False,c2c|o2o|day|noonpause|night|ongap,-,-,-0.9317531174372665,-0.28966200138837866,-0.48162565286700165,0.10596477552952566,-0.9592060894644918,0.1,-4.864893735861853,10,-0.5489173426733239,0.013472639256773142,0.5602469778551722,-16.12901223213982,2262,141.95323134061502,95.8904109589041,2263,2017-05-16,2026-08-31,False,False,False,True,1
night,opt_call_all_oi_signth_w20,night,1,True,False,-1,False,options+mtx_1d,2026-07-29,False,c2c|o2o|day|noonpause|night|ongap,-,-,0.15993925162800593,-0.3786812978236622,-0.05602699537685778,0.15915879082312787,0.0986761034854928,0.5,-1.5919668892726124,10,-0.07168607760242986,0.013472639256773142,0.5602469778551722,-23.97183289172677,1484,141.95323134061502,95.8904109589041,2263,2017-05-16,2026-08-31,False,False,True,True,2
night,opt_call_all_oi_signth_w20,ongap,1,True,False,-1,False,options+mtx_1d,2026-07-29,False,c2c|o2o|day|noonpause|night|ongap,-,-,-0.6582694926588638,-0.43436806854851406,-0.551080233334245,-0.1880184922418523,-0.5141115065865156,0.3,-3.5277620935111105,10,-0.09405109242934308,0.013807416244666727,0.5603445442642188,-27.69236311268501,1614,142.09037046697347,95.8922261484099,2264,2017-05-16,2026-09-01,False,False,True,True,2
night,opt_put_mo_oi_selftanh_w60,c2c,2,True,False,-1,False,options+mtx_1d,2026-07-29,False,c2c|o2o|day|noonpause|night|ongap,o2o,-,0.5157957005117159,0.4886093021771964,0.49464030248666846,0.5371254631011942,0.45718080477599515,0.8,-1.9379076057640645,10,0.12311332536059456,0.06843386683143138,0.629122933552344,-23.30491474230614,390,42.722694821599774,99.4270603790216,2269,2017-05-16,2026-09-01,False,True,True,True,3
night,opt_put_mo_oi_selftanh_w60,o2o,2,True,True,-1,False,options+mtx_1d,2026-07-29,False,c2c|o2o|day|noonpause|night|ongap,o2o,-,0.4194595991120145,0.14334846848798202,0.31301014283812234,0.3572416911917287,0.15778486662072444,0.8,-2.826228574553181,10,0.07142916893714156,0.06843386683143138,0.629122933552344,-26.396876213040542,603,42.722694821599774,99.4270603790216,2269,2017-05-16,2026-09-01,False,True,True,True,3
night,opt_put_mo_oi_selftanh_w60,day,1,True,False,-1,False,options+mtx_1d,2026-07-29,False,c2c|o2o|day|noonpause|night|ongap,o2o,-,0.06607149064345101,-0.595615115663103,-0.16087210711724362,-0.09560825123627098,-0.1621093336149772,0.5,-2.40976075505104,10,0.0857786862485546,0.06912100415953616,0.6290135083055995,-36.16709906804183,1045,42.72492134954465,99.4270603790216,2269,2017-05-16,2026-09-01,False,False,True,True,2
night,opt_put_mo_oi_selftanh_w60,noonpause,1,True,False,-1,False,options+mtx_1d,2026-07-29,False,c2c|o2o|day|noonpause|night|ongap,o2o,-,-0.030891567843129825,-0.7704086699068237,-0.3475392908516485,-0.07457403209746782,-0.6002283771531304,0.3,-2.03808444613358,10,0.24648144599559044,0.06785943377737853,0.6291561955771015,-9.506791892021257,1198,42.79932139255688,99.42554131683606,2263,2017-05-16,2026-08-31,False,False,False,True,1
night,opt_put_mo_oi_selftanh_w60,night,1,True,False,-1,False,options+mtx_1d,2026-07-29,False,c2c|o2o|day|noonpause|night|ongap,o2o,-,0.2366097134727552,1.2012796022599377,0.5969310152826313,0.6679819504239201,0.3445721572576976,0.8,-2.5313429145366295,10,0.09874728989857733,0.06785943377737853,0.6291561955771015,-13.202058964011867,492,42.79932139255688,99.42554131683606,2263,2017-05-16,2026-08-31,False,True,True,True,3
night,opt_put_mo_oi_selftanh_w60,ongap,1,True,False,-1,False,options+mtx_1d,2026-07-29,False,c2c|o2o|day|noonpause|night|ongap,o2o,-,0.33986755637620353,-0.23162434850588207,0.12935735781538227,0.25030061998276015,0.10731666287278031,0.6,-1.251276774315786,10,0.08349549175975421,0.06819895416251767,0.6292002166070053,-15.32796733254289,1104,42.79911859377238,99.42579505300353,2264,2017-05-16,2026-09-01,False,False,True,True,2
night,tv_taiex_over_spy_chg_ratio_n60_pctw120,c2c,2,True,True,-1,True,us_indexes+mtx_1d,2026-07-29,False,c2c|o2o|day|noonpause|night|ongap,c2c,-,0.457632140376281,0.712724221508245,0.5424866121701118,0.5964245523674377,0.6723360626592542,0.8,-0.95420031090845,10,-0.004226499149991586,0.04422849369004341,0.43274199968050964,-24.856126482356768,758,43.63636317968167,98.35628609506885,2251,2017-05-16,2026-09-01,True,True,True,True,4
night,tv_taiex_over_spy_chg_ratio_n60_pctw120,o2o,2,True,False,-1,True,us_indexes+mtx_1d,2026-07-29,False,c2c|o2o|day|noonpause|night|ongap,c2c,-,0.5410384060382812,0.7608213223984478,0.6112261461530696,0.6677050555182461,0.8245221320780469,0.7,-0.4616946361021573,10,0.00823408452654885,0.04422849369004341,0.43274199968050964,-20.236012975246094,452,43.63636317968167,98.35628609506885,2251,2017-05-16,2026-09-01,True,True,True,True,4
night,tv_taiex_over_spy_chg_ratio_n60_pctw120,day,1,True,False,-1,True,us_indexes+mtx_1d,2026-07-29,False,c2c|o2o|day|noonpause|night|ongap,c2c,-,0.795926290940151,0.7164404047514729,0.7661389004582363,0.8542730979113055,0.852890867413871,0.7,-0.405194456155792,10,-0.007036415480238034,0.04418212878651977,0.4328683074463151,-9.871821000266072,315,43.55691187305251,98.35555555555555,2250,2017-05-16,2026-08-31,True,True,True,True,4
night,tv_taiex_over_spy_chg_ratio_n60_pctw120,noonpause,1,True,False,-1,True,us_indexes+mtx_1d,2026-07-29,False,c2c|o2o|day|noonpause|night|ongap,c2c,-,-1.6031757115112746,-0.00908159586894079,-0.43126839023481084,-0.22778425779518172,-0.9107260272392157,0.1,-2.793756310327359,10,-0.5542920434037263,0.04352631435363771,0.43224919903278264,-12.654407641079532,2027,43.6091953881169,98.35189309576838,2245,2017-05-16,2026-08-31,False,False,False,True,1
night,tv_taiex_over_spy_chg_ratio_n60_pctw120,night,1,True,False,-1,True,us_indexes+mtx_1d,2026-07-29,False,c2c|o2o|day|noonpause|night|ongap,c2c,-,-0.15697022383807738,0.021449723427583032,-0.07247532673262132,0.01083953725700784,0.12224388201730896,0.5,-1.0738729598195655,10,0.027275439874203625,0.04352631435363771,0.43224919903278264,-17.784835360708513,912,43.6091953881169,98.35189309576838,2245,2017-05-16,2026-08-31,False,False,True,True,2
night,tv_taiex_over_spy_chg_ratio_n60_pctw120,ongap,1,True,False,-1,True,us_indexes+mtx_1d,2026-07-29,False,c2c|o2o|day|noonpause|night|ongap,c2c,-,-0.10177451211294042,0.6343501368134302,0.1919613599061706,0.3202749235314018,0.5499011508235835,0.7,-0.8365875501958859,10,0.005326612849615478,0.04351832116715656,0.43220934483720264,-10.38314541771493,1248,43.59933925358112,98.35189309576838,2245,2017-05-16,2026-08-31,False,True,True,True,3
night,us_log_ratio_pct_chg_w120,c2c,2,True,False,1,True,us_indexes+mtx_1d,2026-07-29,False,c2c|o2o|day|noonpause|night|ongap,-,-,0.4388837379590865,1.012097093873904,0.6487242446141999,0.6713699084603445,0.6157439472637558,0.8,-1.2550633214116573,10,-0.10659187114189173,0.02269675441617487,0.6761376114153038,-20.797041159376377,506,24.643180036364605,99.6914940502424,2269,2017-05-16,2026-09-01,True,True,True,True,4
night,us_log_ratio_pct_chg_w120,o2o,2,True,False,1,True,us_indexes+mtx_1d,2026-07-29,False,c2c|o2o|day|noonpause|night|ongap,-,-,0.6361507415487353,1.2154903435441562,0.8415870060613312,0.8650599388774253,0.8497694692432838,0.9,-0.8433398547489688,10,-0.007560328477778678,0.02269675441617487,0.6761376114153038,-19.20529248997987,506,24.643180036364605,99.6914940502424,2269,2017-05-16,2026-09-01,True,True,True,True,4
night,us_log_ratio_pct_chg_w120,day,1,True,False,1,True,us_indexes+mtx_1d,2026-07-29,False,c2c|o2o|day|noonpause|night|ongap,-,-,0.7397100470183162,0.5851737043646087,0.674474966906942,0.7097670538858989,1.148948658483333,0.9,-0.3957697211990395,10,-0.049719384829872405,0.022599267577133667,0.6763282378289077,-14.38135802896008,277,24.620359203808615,99.69135802469135,2268,2017-05-16,2026-08-31,True,True,True,True,4
night,us_log_ratio_pct_chg_w120,noonpause,1,True,False,1,True,us_indexes+mtx_1d,2026-07-29,False,c2c|o2o|day|noonpause|night|ongap,-,-,-0.4411259467498456,0.05799357277974373,-0.11977003871722655,-0.010490475978483224,-0.5364595643108021,0.5,-1.7667098132019117,10,-0.563652410452866,0.0237789562733213,0.6766927990341918,-7.9659554224360525,1974,24.610971875092922,99.69067609368095,2263,2017-05-16,2026-08-31,False,False,False,True,1
night,us_log_ratio_pct_chg_w120,night,1,True,False,1,True,us_indexes+mtx_1d,2026-07-29,False,c2c|o2o|day|noonpause|night|ongap,-,-,-0.31201569692555114,0.36955490022180515,0.004412665821856992,0.040342444172705855,-0.07279390588999902,0.4,-1.6661356149866575,10,-0.025439348307981075,0.0237789562733213,0.6766927990341918,-38.196595065552366,1345,24.610971875092922,99.69067609368095,2263,2017-05-16,2026-08-31,False,False,True,True,2
night,us_log_ratio_pct_chg_w120,ongap,1,True,False,1,True,us_indexes+mtx_1d,2026-07-29,False,c2c|o2o|day|noonpause|night|ongap,-,-,0.4412594496098213,1.2645183209124424,0.7514924893873359,0.814597278536346,0.4037218660121476,0.8,-2.0284321881879053,10,-0.1533695388428734,0.023580213934643723,0.6768915413728692,-6.7140011683628265,813,24.592506685206953,99.69067609368095,2263,2017-05-16,2026-08-31,False,True,False,True,2
night,us_sox_agree_amp_n20_robustw20,c2c,2,True,False,1,True,us_indexes+mtx_1d,2026-07-29,False,c2c|o2o|day|noonpause|night|ongap,-,-,0.7069120781903977,0.8980801018994201,0.7549273700627499,0.8230746790887972,0.9785895656721882,0.8,-0.23687962768398305,10,-0.05196553045919215,0.018705533950062726,0.3914189043252317,-23.03497576233781,306,51.60044443155538,98.60400186133084,2149,2017-05-16,2026-09-01,True,True,True,True,4
night,us_sox_agree_amp_n20_robustw20,o2o,2,True,False,1,True,us_indexes+mtx_1d,2026-07-29,False,c2c|o2o|day|noonpause|night|ongap,-,-,0.7837623119534771,0.7234260008145252,0.7495546131091051,0.8191335044362447,0.9952174210899967,0.9,-0.7006482905066272,10,-0.035771050792772756,0.018705533950062726,0.3914189043252317,-18.517736217090892,293,51.60044443155538,98.60400186133084,2149,2017-05-16,2026-09-01,True,True,True,True,4
night,us_sox_agree_amp_n20_robustw20,day,1,True,False,1,True,us_indexes+mtx_1d,2026-07-29,False,c2c|o2o|day|noonpause|night|ongap,-,-,0.8717493232135282,0.31506585615605165,0.6658625402511563,0.7740364206287728,0.5990972803304853,0.7,-1.1881617399096094,10,-0.10924117582855881,0.018264985434203823,0.39115187227602793,-14.827822395246908,454,51.61947024225475,98.60335195530726,2148,2017-05-16,2026-08-31,False,True,True,True,3
night,us_sox_agree_amp_n20_robustw20,noonpause,1,True,False,1,True,us_indexes+mtx_1d,2026-07-29,False,c2c|o2o|day|noonpause|night|ongap,-,-,-0.3400772894201708,0.47050781823871707,0.12940356487391347,0.4487140455163237,-0.44712240995972574,0.4,-2.9495603238764776,10,-0.29694279767443216,0.0188645474793565,0.3910995309931535,-3.0665128210829002,722,51.6121147837086,98.60009332711152,2143,2017-05-16,2026-08-31,False,False,False,True,1
night,us_sox_agree_amp_n20_robustw20,night,1,True,False,1,True,us_indexes+mtx_1d,2026-07-29,False,c2c|o2o|day|noonpause|night|ongap,-,-,0.051418312365281285,0.5568659813891915,0.25658723130053757,0.36336490835251367,0.3079528456701943,0.5,-1.4616194749785656,10,0.0019757929747649637,0.0188645474793565,0.3910995309931535,-15.076208189049611,1111,51.6121147837086,98.60009332711152,2143,2017-05-16,2026-08-31,False,False,True,True,2
night,us_sox_agree_amp_n20_robustw20,ongap,1,True,False,1,True,us_indexes+mtx_1d,2026-07-29,False,c2c|o2o|day|noonpause|night|ongap,-,-,-0.47299346204283843,0.03140862249089328,-0.24457208574764944,-0.05996439110550297,-0.45704493141407293,0.4,-1.846740486455997,10,-0.07124540046593514,0.018504628440819463,0.3913498848448065,-10.93811655688174,1968,51.671441910988065,98.64738805970148,2144,2017-05-16,2026-08-31,False,False,True,True,2
night,us_sox_spy_ret_product_n5_pctw20,c2c,2,True,False,1,True,us_indexes+mtx_1d,2026-07-29,False,c2c|o2o|day|noonpause|night|ongap,-,-,0.7071614155450799,0.7054759637378837,0.6954571333233187,0.7916128896253483,0.9596594830366457,0.8,-0.18519544255984555,10,0.07953094547476627,0.006306427948267836,0.3704984251124688,-19.257835119265618,683,81.12194874466806,96.82679594535037,2269,2017-05-16,2026-09-01,True,True,True,True,4
night,us_sox_spy_ret_product_n5_pctw20,o2o,2,True,False,1,True,us_indexes+mtx_1d,2026-07-29,False,c2c|o2o|day|noonpause|night|ongap,-,-,0.5335006184119778,1.3170985953443488,0.8081753914264402,0.909609538419123,0.6861874547893386,0.7,-0.1249206999049599,10,-0.004615037101944824,0.006306427948267836,0.3704984251124688,-20.605175997057053,922,81.12194874466806,96.82679594535037,2269,2017-05-16,2026-09-01,True,True,True,True,4
night,us_sox_spy_ret_product_n5_pctw20,day,1,True,False,1,True,us_indexes+mtx_1d,2026-07-29,False,c2c|o2o|day|noonpause|night|ongap,-,-,0.19303528628989902,0.7476218506038892,0.373367367163586,0.523242818899484,0.40413441984683424,0.7,-1.5789855836341935,10,0.04123231773675103,0.006314857051274103,0.37065613571539757,-16.100349987686563,549,81.13271207211393,96.82539682539682,2268,2017-05-16,2026-08-31,False,True,True,True,3
night,us_sox_spy_ret_product_n5_pctw20,noonpause,1,True,False,1,True,us_indexes+mtx_1d,2026-07-29,False,c2c|o2o|day|noonpause|night|ongap,-,-,-0.36668258271104226,0.4313447213826925,0.024585448832615132,0.5102424922228855,-0.6257327370853197,0.3,-4.324882724118386,10,0.012848181994659072,0.006086220341981039,0.37039329112506025,-6.507614450832566,1223,81.05527213324036,96.81838267786125,2263,2017-05-16,2026-08-31,False,False,True,True,2
night,us_sox_spy_ret_product_n5_pctw20,night,1,True,False,1,True,us_indexes+mtx_1d,2026-07-29,False,c2c|o2o|day|noonpause|night|ongap,-,-,0.1922415283531088,0.9981909674324712,0.5126264323223848,0.6546296293866035,0.5722595066026539,0.7,-1.03226259296724,10,0.048756731123578874,0.006086220341981039,0.37039329112506025,-18.387305394011364,694,81.05527213324036,96.81838267786125,2263,2017-05-16,2026-08-31,False,True,True,True,3
night,us_sox_spy_ret_product_n5_pctw20,ongap,1,True,False,1,True,us_indexes+mtx_1d,2026-07-29,False,c2c|o2o|day|noonpause|night|ongap,-,-,-0.3482110203401404,0.2933398106499803,-0.11494868495569271,0.16546927134172187,-0.334859110549322,0.3,-2.6101279415060685,10,0.05416840895463092,0.005754440147385498,0.37026342735537177,-13.865671126550538,2257,81.21997607304476,96.81838267786125,2263,2017-05-16,2026-08-31,False,False,True,True,2
night,us_sox_spy_rollcorr_w60_rz_w120,c2c,2,True,False,1,True,us_indexes+mtx_1d,2026-07-29,False,c2c|o2o|day|noonpause|night|ongap,-,-,0.3623508855583274,0.5438274930276459,0.42205787934030986,0.43377284754302875,0.9052359918863508,0.7,-0.13979407098033922,10,0.05861630874730892,0.04455046922918263,0.5971578759793017,-25.847777883816292,639,12.49967011193385,99.1626267078008,2269,2017-05-16,2026-09-01,True,True,True,True,4
night,us_sox_spy_rollcorr_w60_rz_w120,o2o,2,True,False,1,True,us_indexes+mtx_1d,2026-07-29,False,c2c|o2o|day|noonpause|night|ongap,-,-,0.35805614397142765,0.5103396572495409,0.4072229502200429,0.4194106865420306,0.9083526567440341,0.9,-0.165980754982735,10,0.024951469754809115,0.04455046922918263,0.5971578759793017,-27.46450381646336,640,12.49967011193385,99.1626267078008,2269,2017-05-16,2026-09-01,True,True,True,True,4
night,us_sox_spy_rollcorr_w60_rz_w120,day,1,True,False,1,True,us_indexes+mtx_1d,2026-07-29,False,c2c|o2o|day|noonpause|night|ongap,-,-,0.366745469963219,0.03793092402662165,0.2529006928230393,0.2708217235081854,0.23570202951366787,0.5,-1.444719709234314,10,0.06397173267909988,0.04387416552130016,0.5971383502023945,-22.098323761262733,1221,12.517457700761128,99.1626267078008,2269,2017-05-16,2026-09-01,False,False,True,True,2
night,us_sox_spy_rollcorr_w60_rz_w120,noonpause,1,True,False,1,True,us_indexes+mtx_1d,2026-07-29,False,c2c|o2o|day|noonpause|night|ongap,-,-,0.4344257944000056,0.7479003978256306,0.5419427271691983,0.6242453042652305,0.37504360054216324,0.5,-0.8952555714223943,10,0.05264618931769883,0.04315845431236361,0.5969668317465173,-2.715368299991468,612,12.5205020124293,99.16040653999116,2263,2017-05-16,2026-08-31,False,False,True,True,2
night,us_sox_spy_rollcorr_w60_rz_w120,night,1,True,False,1,True,us_indexes+mtx_1d,2026-07-29,False,c2c|o2o|day|noonpause|night|ongap,-,-,-0.03211435342264988,0.49241608792797203,0.18705715840674692,0.2061580549345104,0.3028075401435206,0.6,-1.3925772982495743,10,0.06093774911722196,0.04315845431236361,0.5969668317465173,-19.80691315586936,1623,12.5205020124293,99.16040653999116,2263,2017-05-16,2026-08-31,False,False,True,True,2
night,us_sox_spy_rollcorr_w60_rz_w120,ongap,1,True,False,1,True,us_indexes+mtx_1d,2026-07-29,False,c2c|o2o|day|noonpause|night|ongap,-,-,0.06421586124591014,0.08362125753826871,0.07028382737132292,0.10419161467884838,0.2620868027928599,0.6,-0.8492564570127717,10,0.03260741549540995,0.04285676782913001,0.5970563967991019,-15.143686913221668,1483,12.533289003254726,99.16077738515902,2264,2017-05-16,2026-09-01,False,False,True,True,2
